Equipment Id,Event Code,Event Time,City Id
BCAR4321,A,2027-03-24 22:15,44
BCAR4321,D,2025-07-24 12:09,8
BCAR4321,A,2027-04-10 16:29,35
ACAR1234,A,2025-09-10 08:44,42
CCAR1111,Z,2026-05-12 03:45,14
BCAR4321,A,2025-05-08 14:02,33
BCAR4321,A,2026-02-23 22:49,33
CCAR1111,A,2025-04-20 19:28,35
ACAR1234,D,2026-02-25 11:46,31
CCAR1111,A,2026-07-25 15:58,29
CCAR1111,D,2025-09-09 23:05,43
ACAR1234,D,2025-02-25 17:59,29
ACAR1234,D,2026-10-17 07:58,34
BCAR4321,A,2027-02-14 20:31,33
CCAR1111,D,2027-02-09 04:23,40
ACAR1234,D,2027-06-30 18:42,11
BCAR4321,A,2025-03-23 18:08,41
ACAR1234,D,2026-05-04 00:15,32
CCAR1111,D,2027-01-01 05:46,19
CCAR1111,D,2026-06-25 00:33,10
ACAR1234,W,2025-02-18 03:57,25
ACAR1234,A,2025-10-19 09:26,35
ACAR1234,D,2027-07-10 21:19,18
CCAR1111,A,2025-03-22 07:51,46
BCAR4321,D,2026-01-04 02:46,5
CCAR1111,A,2027-06-02 00:40,9
CCAR1111,A,2026-08-19 18:45,42
BCAR4321,D,2025-09-01 15:02,28
ACAR1234,D,2025-10-29 00:09,32
BCAR4321,Z,2025-09-16 04:32,36
BCAR4321,A,2025-01-12 14:22,4
BCAR4321,A,2026-11-11 22:38,22
ACAR1234,D,2027-01-16 17:07,23
CCAR1111,A,2027-04-20 17:25,17
ACAR1234,A,2025-10-22 22:05,34
ACAR1234,A,2027-02-24 05:35,43
CCAR1111,D,2025-05-20 22:20,19
ACAR1234,D,2025-11-19 18:13,18
ACAR1234,D,2025-11-01 11:39,31
BCAR4321,D,2025-11-06 16:18,31
ACAR1234,D,2025-07-17 14:58,10
ACAR1234,A,2025-03-07 05:35,35
ACAR1234,A,2026-02-07 06:43,23
ACAR1234,A,2027-01-01 00:58,14
BCAR4321,A,2026-08-25 11:46,31
BCAR4321,A,2026-07-17 19:30,11
CCAR1111,A,2026-02-21 01:34,41
ACAR1234,D,2025-01-19 20:01,8
CCAR1111,A,2026-07-14 15:42,22
BCAR4321,D,2026-09-11 18:47,40
BCAR4321,D,2025-04-11 11:47,48
CCAR1111,A,2025-04-17 21:32,36
ACAR1234,A,2025-07-24 08:42,16
CCAR1111,W,2026-02-11 18:53,37
ACAR1234,D,2025-06-08 00:05,15
CCAR1111,Z,2027-06-07 18:55,12
BCAR4321,A,2026-01-03 16:54,5
ACAR1234,D,2027-02-15 03:17,38
CCAR1111,D,2026-11-03 02:28,16
BCAR4321,A,2025-01-08 08:43,2
ACAR1234,D,2026-12-24 17:56,8
ACAR1234,D,2026-09-14 18:25,46
ACAR1234,D,2027-05-01 02:16,22
ACAR1234,D,2025-09-27 11:57,48
ACAR1234,A,2025-02-25 12:38,29
BCAR4321,A,2025-07-31 02:01,11
BCAR4321,D,2025-10-14 01:29,46
BCAR4321,A,2026-05-24 02:54,21
BCAR4321,D,2026-08-23 14:19,30
ACAR1234,A,2026-06-18 07:57,5
BCAR4321,D,2026-12-09 11:18,7
CCAR1111,A,2026-10-21 00:42,23
CCAR1111,W,2027-01-11 13:25,25
BCAR4321,A,2027-08-03 14:44,23
ACAR1234,D,2025-04-17 13:27,42
ACAR1234,A,2026-12-01 07:49,6
CCAR1111,D,2025-11-23 09:18,12
CCAR1111,D,2026-12-17 15:17,11
CCAR1111,D,2025-10-02 20:08,45
CCAR1111,D,2026-04-16 14:34,27
BCAR4321,D,2027-05-08 04:45,22
BCAR4321,D,2027-04-25 17:18,29
ACAR1234,D,2027-03-07 00:06,48
BCAR4321,D,2027-04-13 16:36,34
CCAR1111,A,2025-01-06 18:12,2
ACAR1234,D,2025-05-30 11:32,19
CCAR1111,A,2026-05-31 07:33,3
BCAR4321,W,2025-12-03 11:50,13
CCAR1111,A,2026-04-13 15:13,29
CCAR1111,A,2027-05-18 15:01,2
ACAR1234,A,2025-11-18 11:55,18
BCAR4321,A,2025-10-03 17:53,47
CCAR1111,D,2026-02-09 02:15,34
BCAR4321,A,2025-10-13 02:28,46
BCAR4321,D,2027-02-13 05:24,31
ACAR1234,D,2026-03-05 06:48,35
CCAR1111,A,2026-09-15 23:27,41
CCAR1111,A,2025-10-18 03:12,34
ACAR1234,D,2025-07-01 06:52,3
BCAR4321,Z,2027-01-09 01:51,12
CCAR1111,Z,2025-06-28 21:31,2
ACAR1234,A,2025-02-19 18:08,26
ACAR1234,A,2026-11-22 11:00,11
BCAR4321,A,2026-09-18 05:28,44
BCAR4321,A,2025-09-07 00:18,31
ACAR1234,D,2027-05-22 14:52,11
BCAR4321,A,2027-09-14 00:34,47
ACAR1234,A,2025-11-27 02:25,12
ACAR1234,A,2025-04-05 11:42,46
BCAR4321,A,2026-10-21 00:15,35
CCAR1111,D,2027-08-29 10:04,40
ACAR1234,W,2026-06-05 12:25,13
CCAR1111,A,2027-06-15 14:13,17
CCAR1111,A,2025-02-18 14:33,26
ACAR1234,A,2026-05-25 07:11,19
CCAR1111,W,2025-05-08 16:46,25
ACAR1234,W,2025-01-05 08:00,1
ACAR1234,D,2025-11-14 22:45,22
BCAR4321,D,2025-10-16 02:55,45
BCAR4321,A,2027-08-21 20:49,34
CCAR1111,Z,2027-08-10 09:40,48
BCAR4321,D,2025-11-20 14:14,21
ACAR1234,A,2027-01-25 19:57,29
BCAR4321,W,2027-02-21 12:47,37
BCAR4321,D,2025-08-04 02:06,14
CCAR1111,D,2025-06-27 23:33,3
BCAR4321,A,2027-10-09 12:27,36
ACAR1234,Z,2027-06-03 22:44,2
ACAR1234,A,2027-02-06 01:31,34
ACAR1234,A,2027-07-25 02:27,27
CCAR1111,A,2026-01-04 18:48,15
BCAR4321,W,2026-01-19 19:46,13
BCAR4321,W,2027-04-05 17:36,37
BCAR4321,D,2027-03-20 16:19,46
ACAR1234,A,2027-07-26 19:49,28
ACAR1234,D,2026-03-26 10:59,46
ACAR1234,D,2025-07-20 05:09,11
BCAR4321,D,2027-02-14 16:45,32
BCAR4321,D,2025-03-11 20:39,35
CCAR1111,D,2025-12-05 00:52,7
CCAR1111,W,2026-06-05 06:08,1
BCAR4321,D,2025-10-11 22:35,47
CCAR1111,A,2025-11-13 01:42,17
CCAR1111,A,2027-02-11 11:51,42
CCAR1111,A,2025-08-17 01:14,28
ACAR1234,D,2026-04-07 10:22,44
CCAR1111,D,2025-06-16 05:32,8
CCAR1111,D,2025-12-31 10:33,11
CCAR1111,D,2025-01-17 19:51,7
ACAR1234,D,2025-10-01 13:49,46
BCAR4321,D,2027-05-05 14:29,23
CCAR1111,D,2027-07-12 16:14,30
ACAR1234,D,2027-09-10 12:46,44
CCAR1111,D,2025-06-18 18:12,7
ACAR1234,D,2025-12-22 02:58,2
BCAR4321,D,2027-06-13 13:16,4
ACAR1234,D,2025-07-09 16:54,5
CCAR1111,D,2027-01-05 21:17,22
BCAR4321,D,2026-09-25 19:58,47
CCAR1111,A,2027-01-22 09:23,31
BCAR4321,D,2026-12-22 19:32,2
BCAR4321,A,2027-06-01 16:16,11
ACAR1234,D,2025-09-06 10:19,39
ACAR1234,A,2026-07-22 22:30,16
BCAR4321,D,2027-02-05 20:50,27
BCAR4321,D,2026-01-08 01:40,7
ACAR1234,A,2025-03-10 05:16,38
CCAR1111,D,2026-09-04 21:40,48
CCAR1111,D,2025-10-11 04:42,39
ACAR1234,D,2026-06-27 00:05,3
CCAR1111,A,2027-05-12 22:59,5
CCAR1111,A,2026-11-28 02:49,2
BCAR4321,D,2026-06-01 18:29,16
ACAR1234,A,2027-02-02 00:45,32
CCAR1111,D,2027-01-13 03:07,27
BCAR4321,A,2025-08-14 19:24,20
CCAR1111,A,2025-08-31 09:30,38
BCAR4321,A,2027-03-15 03:19,48
ACAR1234,A,2026-06-29 20:59,5
BCAR4321,D,2027-02-01 09:42,23
ACAR1234,A,2026-04-24 06:11,36
CCAR1111,A,2026-11-02 19:02,16
BCAR4321,A,2027-05-04 18:12,23
CCAR1111,D,2027-04-30 15:52,11
ACAR1234,D,2025-05-11 22:32,30
ACAR1234,D,2025-07-05 02:34,2
ACAR1234,D,2025-07-16 17:14,9
CCAR1111,Z,2025-10-30 03:39,26
BCAR4321,A,2026-03-14 09:21,43
BCAR4321,A,2026-12-06 02:44,8
ACAR1234,A,2027-01-13 02:28,21
BCAR4321,D,2025-02-11 03:55,19
BCAR4321,D,2027-09-15 18:27,47
ACAR1234,D,2026-05-07 16:37,29
BCAR4321,A,2025-02-05 01:38,16
CCAR1111,A,2026-08-19 15:27,41
ACAR1234,D,2026-01-06 04:35,9
CCAR1111,A,2026-05-29 07:20,4
ACAR1234,A,2027-05-03 21:16,20
ACAR1234,D,2025-09-13 15:24,44
BCAR4321,D,2025-08-26 15:34,26
BCAR4321,D,2027-10-10 21:34,36
ACAR1234,A,2025-07-30 20:24,20
CCAR1111,A,2026-11-12 13:48,9
BCAR4321,A,2027-08-29 11:21,39
BCAR4321,D,2026-01-05 05:30,6
CCAR1111,A,2025-05-29 20:15,15
CCAR1111,Z,2025-06-01 04:29,14
ACAR1234,A,2026-08-03 13:12,22
CCAR1111,D,2025-07-31 13:49,17
CCAR1111,A,2025-03-31 23:50,46
BCAR4321,D,2026-12-27 00:37,4
BCAR4321,Z,2025-10-05 18:15,48
CCAR1111,A,2025-04-29 18:10,30
ACAR1234,D,2027-03-10 13:18,46
ACAR1234,D,2025-03-22 09:16,44
ACAR1234,D,2025-02-06 08:23,18
ACAR1234,D,2026-03-04 04:29,34
BCAR4321,D,2027-03-27 03:08,43
CCAR1111,A,2025-08-08 12:37,21
BCAR4321,A,2025-11-25 21:57,18
BCAR4321,A,2026-08-09 12:03,22
ACAR1234,A,2027-02-26 04:30,44
CCAR1111,A,2027-09-05 01:50,36
BCAR4321,D,2026-02-25 18:24,33
ACAR1234,A,2026-04-15 16:34,40
ACAR1234,A,2025-05-26 01:50,21
CCAR1111,D,2025-08-19 13:58,30
BCAR4321,A,2025-02-02 16:04,15
ACAR1234,W,2025-03-31 05:06,49
BCAR4321,D,2026-03-29 02:40,48
BCAR4321,A,2027-04-27 01:56,28
CCAR1111,D,2026-07-24 03:59,27
ACAR1234,D,2025-09-12 14:14,43
ACAR1234,A,2026-09-06 08:15,43
BCAR4321,W,2025-02-20 00:01,25
ACAR1234,D,2026-08-04 06:03,22
BCAR4321,D,2027-01-18 04:05,16
CCAR1111,D,2026-06-20 12:21,8
ACAR1234,Z,2027-05-16 13:21,14
CCAR1111,D,2026-04-06 16:21,32
ACAR1234,A,2027-03-29 21:24,35
CCAR1111,D,2025-02-02 09:32,17
BCAR4321,A,2027-06-13 19:10,3
ACAR1234,A,2025-05-28 01:22,20
ACAR1234,A,2026-04-01 08:42,47
BCAR4321,D,2025-07-10 20:07,3
ACAR1234,D,2026-05-15 16:26,24
ACAR1234,A,2027-06-05 22:09,2
CCAR1111,D,2026-07-12 06:43,20
BCAR4321,D,2025-04-03 21:07,46
BCAR4321,A,2025-11-07 05:26,30
ACAR1234,Z,2025-07-01 16:40,2
BCAR4321,D,2025-04-15 06:38,46
CCAR1111,D,2026-11-23 13:22,4
CCAR1111,D,2027-04-14 14:09,20
BCAR4321,A,2027-09-12 05:23,46
CCAR1111,Z,2026-11-04 08:17,14
CCAR1111,A,2025-04-02 15:33,44
CCAR1111,A,2025-06-02 20:44,12
BCAR4321,D,2026-07-28 10:18,16
BCAR4321,D,2026-11-15 03:32,20
ACAR1234,A,2025-07-04 12:28,2
BCAR4321,D,2025-03-30 02:55,43
ACAR1234,D,2026-08-31 22:44,39
CCAR1111,D,2025-07-12 11:11,8
CCAR1111,A,2026-06-07 13:23,3
CCAR1111,A,2026-10-25 09:10,21
CCAR1111,D,2027-02-19 06:20,45
ACAR1234,A,2026-05-08 09:27,28
BCAR4321,Z,2027-09-15 21:21,48
BCAR4321,A,2025-03-04 18:44,32
CCAR1111,D,2025-09-28 05:29,47
ACAR1234,A,2026-06-28 13:35,4
BCAR4321,A,2025-04-24 16:49,41
BCAR4321,D,2025-04-27 18:26,40
CCAR1111,A,2027-07-04 17:42,27
BCAR4321,A,2025-05-17 10:46,30
ACAR1234,D,2027-08-08 15:57,34
ACAR1234,D,2025-06-19 01:58,9
BCAR4321,A,2026-07-21 18:46,14
ACAR1234,A,2027-08-31 11:00,47
ACAR1234,A,2026-05-03 10:18,32
ACAR1234,D,2027-05-01 22:13,21
ACAR1234,D,2027-09-30 06:58,33
BCAR4321,D,2027-07-15 03:28,14
ACAR1234,D,2025-02-03 20:44,17
CCAR1111,D,2027-05-28 08:00,6
ACAR1234,A,2026-03-10 20:08,40
ACAR1234,A,2026-06-10 18:31,10
CCAR1111,D,2027-01-20 09:24,30
CCAR1111,A,2026-12-31 02:39,19
BCAR4321,A,2026-02-05 23:44,23
BCAR4321,D,2026-08-29 07:52,32
BCAR4321,A,2027-08-10 09:20,28
CCAR1111,A,2026-05-03 13:58,18
ACAR1234,A,2027-03-01 21:04,46
CCAR1111,D,2026-09-21 23:20,39
CCAR1111,D,2026-06-15 21:21,6
ACAR1234,D,2026-02-17 02:01,28
ACAR1234,A,2026-03-22 08:52,45
BCAR4321,A,2025-06-16 03:19,15
ACAR1234,A,2025-03-15 21:14,41
BCAR4321,D,2026-07-06 02:44,5
CCAR1111,A,2026-12-03 09:16,4
ACAR1234,A,2026-09-23 20:09,46
BCAR4321,A,2026-03-21 19:25,47
BCAR4321,A,2026-07-31 10:42,18
BCAR4321,D,2026-08-07 16:41,21
ACAR1234,D,2025-11-21 13:01,17
ACAR1234,D,2025-11-27 14:56,12
BCAR4321,D,2026-02-04 17:04,22
ACAR1234,D,2026-10-21 13:18,31
CCAR1111,D,2025-08-22 04:41,33
BCAR4321,A,2026-07-02 11:39,4
CCAR1111,A,2025-06-15 12:21,8
ACAR1234,A,2026-07-09 10:35,9
CCAR1111,D,2027-07-31 21:54,43
BCAR4321,D,2027-04-11 11:44,35
BCAR4321,D,2026-10-08 10:27,45
BCAR4321,A,2025-07-12 19:27,2
ACAR1234,A,2026-11-17 14:41,15
CCAR1111,D,2025-04-02 10:42,45
CCAR1111,A,2025-01-31 18:08,17
BCAR4321,Z,2026-11-06 08:10,26
BCAR4321,Z,2026-10-18 04:59,38
ACAR1234,A,2025-08-29 00:29,35
CCAR1111,D,2025-04-30 15:45,30
CCAR1111,A,2026-09-05 07:57,47
CCAR1111,D,2025-10-16 20:15,35
ACAR1234,D,2027-02-04 08:38,33
BCAR4321,D,2025-05-21 15:25,28
BCAR4321,A,2027-06-23 15:15,4
BCAR4321,D,2025-05-07 20:24,34
BCAR4321,D,2025-04-23 23:59,42
CCAR1111,A,2027-04-15 21:12,19
CCAR1111,W,2025-11-20 10:02,13
BCAR4321,A,2026-01-04 05:45,6
CCAR1111,D,2025-11-07 00:02,21
BCAR4321,A,2026-02-20 12:49,31
CCAR1111,A,2026-06-06 16:00,2
ACAR1234,A,2025-12-10 11:05,6
BCAR4321,A,2025-04-27 17:15,40
CCAR1111,D,2026-08-09 02:36,35
ACAR1234,A,2026-07-24 16:52,17
BCAR4321,A,2026-05-06 14:32,30
CCAR1111,Z,2026-11-26 00:38,2
ACAR1234,W,2026-08-27 13:42,37
BCAR4321,A,2026-07-29 17:24,17
ACAR1234,A,2026-03-01 07:03,33
BCAR4321,A,2025-03-03 03:51,31
CCAR1111,A,2026-04-07 07:57,31
ACAR1234,D,2025-04-24 16:18,39
CCAR1111,A,2025-01-28 08:50,15
CCAR1111,D,2026-11-29 16:59,2
ACAR1234,D,2025-11-17 00:04,20
CCAR1111,D,2026-12-10 01:35,8
ACAR1234,D,2027-04-27 22:48,23
CCAR1111,A,2027-07-30 12:11,43
BCAR4321,Z,2025-12-26 05:38,2
CCAR1111,A,2027-03-24 22:46,31
CCAR1111,D,2025-12-27 09:55,8
BCAR4321,D,2027-06-19 09:47,2
ACAR1234,D,2026-11-18 07:56,15
ACAR1234,A,2027-01-01 15:54,15
ACAR1234,A,2027-03-04 12:58,47
BCAR4321,Z,2027-04-05 01:43,38
BCAR4321,A,2025-12-20 10:49,5
BCAR4321,D,2027-06-06 03:12,8
CCAR1111,A,2025-03-09 21:04,39
ACAR1234,D,2026-03-20 12:09,44
ACAR1234,D,2026-07-31 00:19,20
BCAR4321,W,2027-02-01 19:30,25
BCAR4321,D,2027-02-26 20:08,40
ACAR1234,D,2025-03-13 02:59,39
BCAR4321,D,2027-03-10 05:01,46
BCAR4321,A,2025-09-04 14:07,30
BCAR4321,D,2026-06-13 01:52,10
ACAR1234,D,2025-03-01 08:03,31
BCAR4321,A,2026-09-12 12:38,41
ACAR1234,A,2026-10-21 16:26,30
CCAR1111,W,2025-06-29 01:29,1
ACAR1234,A,2027-06-25 00:04,10
ACAR1234,A,2027-02-27 12:56,45
ACAR1234,A,2025-11-10 03:41,24
CCAR1111,D,2026-01-30 20:54,29
BCAR4321,A,2027-01-27 18:15,21
ACAR1234,A,2027-07-06 01:12,16
ACAR1234,D,2026-09-03 11:49,41
BCAR4321,D,2025-07-14 03:36,2
CCAR1111,A,2025-10-24 08:59,31
BCAR4321,A,2027-01-30 22:45,23
BCAR4321,A,2025-06-26 23:49,9
BCAR4321,A,2026-06-08 22:41,11
CCAR1111,A,2025-04-02 05:09,45
BCAR4321,A,2026-08-20 01:10,28
ACAR1234,W,2026-08-08 05:19,25
ACAR1234,D,2026-07-21 05:47,15
ACAR1234,Z,2027-08-11 22:47,36
CCAR1111,D,2027-09-09 06:40,34
ACAR1234,D,2027-05-31 07:41,5
CCAR1111,D,2027-09-07 11:35,35
BCAR4321,A,2026-08-10 06:41,23
CCAR1111,D,2026-10-26 02:00,21
CCAR1111,A,2026-09-11 11:58,43
BCAR4321,A,2026-07-24 19:27,15
ACAR1234,D,2025-05-08 22:33,32
CCAR1111,Z,2026-10-18 13:02,26
ACAR1234,A,2027-03-23 02:19,40
CCAR1111,D,2025-07-08 11:04,6
BCAR4321,D,2026-10-01 09:21,48
ACAR1234,A,2025-11-13 14:47,22
BCAR4321,D,2026-08-03 15:28,19
ACAR1234,A,2025-08-22 02:08,32
ACAR1234,A,2026-06-06 14:33,12
BCAR4321,D,2025-12-09 17:51,10
BCAR4321,A,2026-01-30 08:04,19
ACAR1234,A,2025-04-27 14:51,36
BCAR4321,D,2026-08-21 05:37,28
ACAR1234,D,2026-02-28 08:31,32
ACAR1234,D,2025-08-08 19:44,23
CCAR1111,D,2025-04-21 22:27,35
BCAR4321,Z,2025-11-10 23:08,26
BCAR4321,D,2025-03-31 23:41,44
ACAR1234,A,2027-01-31 12:43,31
ACAR1234,A,2027-07-09 16:42,18
ACAR1234,A,2027-03-21 22:39,41
ACAR1234,Z,2026-03-29 15:15,48
ACAR1234,D,2026-07-10 12:38,9
ACAR1234,A,2026-05-14 07:08,24
CCAR1111,A,2026-04-10 06:58,30
ACAR1234,A,2026-02-01 00:18,20
CCAR1111,D,2027-06-23 09:19,20
BCAR4321,D,2025-07-26 16:56,9
BCAR4321,D,2025-09-05 23:13,30
BCAR4321,D,2025-08-13 01:55,19
BCAR4321,A,2025-10-16 09:37,44
BCAR4321,A,2027-08-20 07:45,33
CCAR1111,A,2025-10-26 13:49,28
ACAR1234,D,2027-07-28 00:54,28
ACAR1234,A,2025-05-22 00:05,23
BCAR4321,D,2027-03-04 01:38,42
CCAR1111,A,2025-06-20 17:29,6
BCAR4321,A,2026-05-29 17:51,18
CCAR1111,D,2025-09-13 13:11,44
ACAR1234,D,2026-01-03 03:11,8
CCAR1111,D,2025-01-28 00:29,14
CCAR1111,A,2027-06-04 13:55,10
ACAR1234,A,2025-02-03 10:14,17
CCAR1111,A,2026-05-05 03:01,16
CCAR1111,W,2027-08-12 00:32,49
BCAR4321,A,2025-02-21 09:53,27
CCAR1111,A,2027-05-25 11:16,5
BCAR4321,A,2026-03-05 23:56,39
BCAR4321,D,2026-05-21 03:59,23
ACAR1234,A,2025-07-08 23:07,5
BCAR4321,D,2025-05-29 14:01,24
ACAR1234,D,2025-07-13 19:42,7
ACAR1234,D,2026-03-09 12:10,38
ACAR1234,D,2025-06-28 09:09,5
BCAR4321,A,2026-01-23 16:56,15
ACAR1234,D,2026-04-20 15:07,39
ACAR1234,Z,2025-02-17 02:23,24
ACAR1234,Z,2025-03-29 21:39,48
BCAR4321,D,2025-11-26 06:37,18
BCAR4321,D,2027-01-27 14:48,20
ACAR1234,A,2026-12-09 12:31,2
ACAR1234,A,2027-07-03 01:34,14
ACAR1234,D,2025-10-12 00:32,40
CCAR1111,D,2026-03-21 15:29,40
ACAR1234,A,2026-11-28 06:29,7
CCAR1111,A,2025-03-27 22:46,48
CCAR1111,W,2025-03-07 06:22,37
ACAR1234,A,2025-09-13 22:33,45
CCAR1111,D,2026-09-30 03:46,34
CCAR1111,W,2026-08-10 14:07,37
CCAR1111,D,2026-03-07 23:14,48
CCAR1111,A,2027-05-20 19:10,3
BCAR4321,D,2025-08-20 11:34,22
BCAR4321,A,2025-02-17 17:17,23
CCAR1111,A,2026-03-16 14:56,42
ACAR1234,A,2025-06-04 15:32,16
BCAR4321,D,2027-01-23 06:59,18
CCAR1111,D,2025-12-20 07:16,4
CCAR1111,D,2026-01-18 08:51,22
CCAR1111,A,2026-03-07 11:40,48
CCAR1111,D,2025-04-19 12:14,36
CCAR1111,Z,2026-02-11 09:34,36
ACAR1234,D,2025-05-20 07:39,24
CCAR1111,D,2027-07-08 20:35,28
ACAR1234,A,2027-04-14 05:40,28
BCAR4321,D,2027-03-23 23:10,45
CCAR1111,A,2027-07-07 05:55,28
CCAR1111,D,2027-09-01 16:01,39
BCAR4321,D,2027-07-09 20:15,10
ACAR1234,D,2027-05-24 12:10,10
ACAR1234,W,2026-06-24 09:42,1
CCAR1111,Z,2025-08-13 07:34,24
ACAR1234,D,2026-03-19 17:04,43
CCAR1111,A,2027-01-04 05:43,22
BCAR4321,D,2027-01-29 08:45,22
ACAR1234,D,2026-09-13 02:43,45
ACAR1234,A,2027-08-16 07:18,39
CCAR1111,A,2027-03-09 14:19,39
ACAR1234,A,2025-08-12 17:34,26
BCAR4321,A,2027-07-28 06:25,20
CCAR1111,A,2026-02-06 12:35,33
BCAR4321,D,2025-02-13 16:41,20
CCAR1111,A,2026-10-01 19:53,33
ACAR1234,D,2027-07-29 17:31,29
CCAR1111,A,2026-07-05 17:46,16
ACAR1234,A,2025-06-30 17:43,3
ACAR1234,A,2026-08-01 14:15,21
BCAR4321,D,2027-09-11 11:34,44
ACAR1234,D,2027-03-26 00:26,39
CCAR1111,A,2026-11-09 20:10,10
ACAR1234,D,2027-08-25 09:41,43
ACAR1234,Z,2026-06-24 02:51,2
BCAR4321,A,2026-02-26 05:32,34
BCAR4321,A,2026-09-22 10:33,46
ACAR1234,D,2025-10-04 17:40,45
ACAR1234,D,2027-07-24 22:55,26
BCAR4321,A,2027-01-26 10:35,20
ACAR1234,A,2027-05-05 01:13,19
ACAR1234,D,2027-08-19 22:33,40
BCAR4321,D,2026-10-02 14:56,47
CCAR1111,A,2027-09-10 09:25,32
CCAR1111,A,2025-11-06 10:57,21
BCAR4321,D,2027-07-24 02:59,18
CCAR1111,Z,2026-08-09 06:32,36
CCAR1111,A,2025-02-02 13:37,18
BCAR4321,D,2025-04-20 09:15,43
BCAR4321,D,2025-11-01 05:12,34
CCAR1111,A,2027-05-13 08:58,4
ACAR1234,D,2025-06-25 18:41,6
CCAR1111,D,2026-01-04 02:40,14
BCAR4321,A,2026-04-28 02:17,34
CCAR1111,D,2027-01-29 07:21,34
BCAR4321,D,2026-02-09 14:05,26
BCAR4321,D,2025-09-03 21:12,29
CCAR1111,D,2025-08-21 00:09,32
BCAR4321,D,2027-01-25 01:18,19
ACAR1234,A,2026-01-04 04:40,9
CCAR1111,A,2025-10-04 20:48,43
ACAR1234,A,2027-05-26 22:54,8
BCAR4321,D,2025-11-08 12:07,29
ACAR1234,Z,2025-12-19 14:22,2
CCAR1111,D,2026-01-21 05:34,23
CCAR1111,A,2026-05-08 09:35,15
ACAR1234,A,2027-09-11 14:09,43
BCAR4321,A,2027-05-14 05:48,19
CCAR1111,D,2025-12-30 12:41,10
ACAR1234,D,2026-05-28 16:08,18
BCAR4321,D,2026-10-10 17:34,43
ACAR1234,D,2025-07-28 22:17,19
CCAR1111,D,2026-04-03 01:14,33
ACAR1234,A,2026-09-02 07:36,41
ACAR1234,A,2025-08-16 23:09,29
ACAR1234,A,2026-01-01 15:54,8
ACAR1234,A,2026-08-16 10:52,30
CCAR1111,A,2027-04-22 16:29,15
CCAR1111,D,2025-07-01 01:46,2
CCAR1111,D,2025-01-22 23:45,10
ACAR1234,A,2027-05-18 00:40,12
ACAR1234,A,2026-02-24 09:26,31
BCAR4321,D,2027-08-01 20:52,22
BCAR4321,A,2026-09-24 19:17,47
ACAR1234,D,2026-11-15 17:34,16
BCAR4321,W,2025-10-06 17:17,49
CCAR1111,A,2026-02-02 03:00,31
ACAR1234,A,2026-11-26 01:38,8
ACAR1234,A,2025-01-14 12:03,5
CCAR1111,A,2027-05-07 05:07,8
BCAR4321,D,2025-08-10 01:47,16
CCAR1111,A,2025-08-20 15:53,32
ACAR1234,A,2026-03-05 03:13,35
ACAR1234,D,2026-11-06 20:31,20
ACAR1234,D,2027-03-23 08:48,40
BCAR4321,A,2025-04-09 15:51,48
ACAR1234,A,2025-07-22 16:00,14
ACAR1234,A,2025-10-12 10:04,39
ACAR1234,A,2025-08-19 20:12,31
CCAR1111,D,2026-12-25 19:30,15
CCAR1111,A,2027-04-28 16:59,11
ACAR1234,D,2025-04-09 20:02,45
BCAR4321,A,2026-08-29 10:22,33
CCAR1111,A,2026-07-17 19:07,23
BCAR4321,D,2026-09-17 20:17,43
ACAR1234,D,2026-11-14 05:25,17
BCAR4321,D,2027-05-31 01:03,12
CCAR1111,A,2027-02-13 07:42,43
CCAR1111,A,2027-05-02 03:25,10
CCAR1111,A,2026-08-03 21:19,33
BCAR4321,A,2026-02-10 17:25,27
BCAR4321,D,2026-01-15 01:07,10
ACAR1234,D,2025-04-19 21:33,41
CCAR1111,Z,2025-03-25 20:43,48
ACAR1234,A,2026-09-02 00:21,40
BCAR4321,D,2027-02-10 08:39,29
BCAR4321,A,2025-11-27 09:21,17
ACAR1234,D,2026-10-15 14:23,35
ACAR1234,D,2026-12-05 08:52,4
ACAR1234,D,2025-08-16 10:51,28
BCAR4321,A,2026-12-11 17:26,5
BCAR4321,D,2025-01-19 06:26,6
BCAR4321,W,2026-08-13 12:01,25
ACAR1234,D,2027-02-19 05:42,40
BCAR4321,D,2027-01-16 19:40,15
CCAR1111,D,2027-03-25 15:47,31
CCAR1111,D,2025-08-19 10:47,29
CCAR1111,D,2027-02-25 07:02,48
ACAR1234,D,2026-04-24 20:38,36
CCAR1111,A,2026-10-10 18:35,30
BCAR4321,A,2025-04-13 13:05,46
BCAR4321,A,2025-10-15 19:38,45
CCAR1111,Z,2027-06-30 09:30,24
BCAR4321,D,2026-08-22 16:04,29
BCAR4321,A,2025-08-11 10:41,18
ACAR1234,D,2025-07-31 19:23,20
ACAR1234,D,2025-01-17 15:51,7
CCAR1111,D,2027-08-16 07:11,47
ACAR1234,D,2026-03-10 08:04,39
BCAR4321,D,2026-12-03 14:07,10
BCAR4321,A,2027-03-02 08:07,42
CCAR1111,A,2026-09-24 13:24,36
CCAR1111,A,2025-11-09 18:20,19
ACAR1234,Z,2026-10-10 01:18,38
BCAR4321,D,2025-10-19 00:40,42
BCAR4321,D,2026-10-20 20:07,36
ACAR1234,A,2026-06-08 13:59,11
ACAR1234,A,2026-08-31 17:54,39
CCAR1111,D,2026-12-06 04:10,5
CCAR1111,D,2026-09-21 13:07,40
CCAR1111,D,2025-12-26 08:52,7
CCAR1111,A,2026-09-29 13:23,34
ACAR1234,D,2026-06-14 15:34,7
CCAR1111,A,2027-02-24 12:47,48
ACAR1234,A,2026-08-10 02:21,26
CCAR1111,Z,2026-12-19 10:39,12
BCAR4321,A,2025-04-18 11:06,44
BCAR4321,A,2027-08-28 00:11,38
BCAR4321,D,2026-04-06 05:55,45
BCAR4321,D,2026-08-26 11:17,31
CCAR1111,D,2026-08-13 10:44,38
ACAR1234,D,2027-08-30 08:55,46
BCAR4321,D,2025-01-28 11:33,10
CCAR1111,D,2027-06-13 21:37,16
ACAR1234,D,2025-12-26 00:10,4
ACAR1234,D,2027-01-06 23:54,18
BCAR4321,D,2027-03-06 02:10,44
BCAR4321,D,2026-09-18 23:42,44
ACAR1234,A,2025-09-17 21:04,46
CCAR1111,A,2027-02-03 14:21,38
CCAR1111,D,2026-09-28 22:38,35
CCAR1111,D,2027-01-03 02:05,21
CCAR1111,A,2026-01-10 06:16,18
BCAR4321,A,2025-02-06 08:34,17
CCAR1111,D,2026-02-02 19:25,31
ACAR1234,A,2027-09-05 11:06,48
CCAR1111,W,2027-09-03 13:33,37
ACAR1234,A,2027-03-31 21:52,34
CCAR1111,D,2026-12-09 11:43,7
CCAR1111,A,2025-11-14 05:05,16
ACAR1234,D,2026-04-14 12:07,41
ACAR1234,W,2026-04-22 15:41,37
CCAR1111,D,2025-12-07 10:18,6
CCAR1111,D,2026-11-11 17:25,10
ACAR1234,A,2026-01-23 20:30,17
BCAR4321,A,2027-06-30 23:26,7
BCAR4321,D,2027-04-27 16:15,28
CCAR1111,W,2025-10-30 13:50,25
BCAR4321,W,2026-06-06 00:22,13
ACAR1234,A,2027-03-20 08:18,42
CCAR1111,D,2026-03-03 13:06,47
ACAR1234,D,2027-01-27 08:01,29
CCAR1111,A,2026-05-21 11:44,8
BCAR4321,A,2025-09-28 01:13,43
ACAR1234,A,2027-05-28 16:53,7
CCAR1111,D,2025-03-06 14:57,35
BCAR4321,D,2026-02-23 02:23,32
CCAR1111,D,2025-12-21 23:27,5
CCAR1111,A,2025-10-13 10:38,36
CCAR1111,W,2027-04-26 06:30,13
BCAR4321,A,2025-07-09 13:39,3
ACAR1234,D,2026-07-07 17:30,8
CCAR1111,D,2025-04-10 17:34,41
BCAR4321,A,2025-09-28 18:11,44
BCAR4321,D,2027-02-17 23:26,34
BCAR4321,A,2027-02-16 14:08,34
BCAR4321,A,2025-10-29 15:52,35
CCAR1111,A,2026-02-16 03:44,39
CCAR1111,Z,2026-06-03 06:17,2
BCAR4321,A,2025-12-17 17:35,6
BCAR4321,A,2026-06-27 19:46,3
CCAR1111,D,2027-06-01 14:57,8
CCAR1111,D,2026-11-08 02:50,11
CCAR1111,D,2025-07-15 04:16,10
CCAR1111,D,2026-02-15 07:23,38
BCAR4321,A,2026-11-21 20:13,16
BCAR4321,W,2025-10-25 05:16,37
ACAR1234,A,2026-03-25 06:35,46
BCAR4321,A,2027-01-11 10:42,14
ACAR1234,A,2025-08-26 19:52,34
CCAR1111,A,2025-12-09 13:29,4
ACAR1234,Z,2025-04-25 20:29,38
CCAR1111,D,2025-10-04 04:34,44
ACAR1234,A,2025-06-19 23:53,8
ACAR1234,D,2025-10-18 11:06,36
ACAR1234,D,2025-09-11 00:21,42
CCAR1111,A,2026-07-29 09:16,31
BCAR4321,D,2027-09-12 07:46,46
BCAR4321,D,2025-10-28 00:43,36
ACAR1234,D,2027-01-16 01:43,22
BCAR4321,D,2025-08-10 16:57,17
CCAR1111,A,2026-02-13 15:16,38
BCAR4321,A,2026-02-04 03:21,22
CCAR1111,A,2025-11-24 19:38,11
ACAR1234,W,2027-09-21 23:54,37
ACAR1234,A,2027-04-26 00:42,23
BCAR4321,A,2025-06-12 23:13,16
BCAR4321,A,2025-08-25 18:29,26
BCAR4321,A,2027-01-29 07:47,22
CCAR1111,D,2026-01-25 05:38,27
ACAR1234,Z,2026-04-21 16:43,38
BCAR4321,A,2025-11-12 21:42,24
BCAR4321,A,2026-03-19 13:46,46
ACAR1234,A,2025-06-14 18:12,11
BCAR4321,A,2027-07-22 08:30,18
CCAR1111,A,2025-12-21 10:29,5
ACAR1234,A,2026-11-14 09:19,16
CCAR1111,D,2027-04-16 03:04,19
BCAR4321,D,2027-06-10 02:53,6
ACAR1234,D,2025-08-27 15:32,34
CCAR1111,A,2027-06-23 10:13,21
BCAR4321,A,2025-04-12 16:02,47
CCAR1111,D,2027-05-09 10:10,7
ACAR1234,D,2025-04-14 19:15,43
ACAR1234,A,2025-11-15 06:40,21
BCAR4321,A,2025-01-31 14:22,14
CCAR1111,D,2027-01-09 02:02,23
ACAR1234,A,2027-02-08 21:33,35
BCAR4321,D,2025-12-18 14:12,6
ACAR1234,A,2025-09-21 07:02,47
BCAR4321,A,2026-04-09 05:34,43
CCAR1111,D,2027-04-03 02:23,27
ACAR1234,A,2025-07-19 10:02,11
BCAR4321,A,2027-02-26 09:56,40
CCAR1111,A,2027-04-11 02:35,22
BCAR4321,A,2027-01-21 21:09,18
ACAR1234,A,2025-07-06 05:29,3
CCAR1111,D,2027-06-29 17:04,23
ACAR1234,D,2025-12-07 07:21,8
BCAR4321,A,2025-04-20 06:32,43
BCAR4321,A,2026-07-15 06:28,9
ACAR1234,W,2027-01-19 04:08,25
CCAR1111,A,2027-01-17 09:39,29
ACAR1234,D,2026-10-31 15:30,24
ACAR1234,D,2026-05-08 10:44,28
CCAR1111,D,2025-05-16 16:38,22
ACAR1234,A,2027-05-29 11:23,6
BCAR4321,A,2026-04-12 20:33,42
CCAR1111,D,2027-07-28 16:24,40
ACAR1234,Z,2026-07-15 01:37,12
CCAR1111,D,2025-01-25 06:56,11
CCAR1111,D,2026-12-01 22:59,3
ACAR1234,D,2027-01-13 20:35,21
CCAR1111,A,2026-02-09 19:25,35
CCAR1111,Z,2026-09-23 17:54,38
CCAR1111,D,2026-07-14 07:49,21
CCAR1111,D,2025-10-18 03:39,34
BCAR4321,A,2027-07-19 20:58,17
ACAR1234,D,2027-03-04 21:33,47
CCAR1111,D,2025-04-26 21:39,32
BCAR4321,D,2026-04-03 02:23,46
ACAR1234,A,2025-09-08 09:29,40
ACAR1234,A,2027-04-10 17:58,29
BCAR4321,D,2025-05-17 11:52,30
CCAR1111,D,2026-12-13 08:38,9
ACAR1234,D,2026-10-01 05:53,44
ACAR1234,A,2025-12-15 05:35,4
ACAR1234,D,2025-10-08 08:01,42
BCAR4321,A,2027-03-05 22:54,44
CCAR1111,D,2025-10-07 13:26,41
ACAR1234,A,2026-10-25 01:17,28
BCAR4321,A,2025-08-17 06:55,21
ACAR1234,D,2027-04-25 02:51,24
CCAR1111,D,2026-09-08 14:33,45
CCAR1111,D,2026-08-05 12:22,33
CCAR1111,D,2025-12-11 21:09,3
BCAR4321,A,2026-12-25 06:29,4
CCAR1111,A,2025-01-26 08:23,14
ACAR1234,D,2027-09-09 18:46,45
ACAR1234,A,2026-04-04 00:42,46
ACAR1234,A,2026-09-20 13:57,48
BCAR4321,D,2026-05-04 17:18,31
BCAR4321,D,2027-02-28 21:54,41
CCAR1111,A,2026-05-22 22:37,7
BCAR4321,D,2025-09-18 21:27,38
CCAR1111,A,2027-09-07 23:20,34
CCAR1111,D,2026-07-01 02:39,14
ACAR1234,A,2026-07-14 17:51,11
CCAR1111,D,2025-08-04 16:51,19
BCAR4321,A,2026-10-07 08:48,45
ACAR1234,Z,2025-09-23 18:57,48
BCAR4321,A,2026-02-08 08:26,26
CCAR1111,A,2025-12-14 08:35,2
BCAR4321,A,2027-04-06 23:46,36
ACAR1234,A,2025-12-20 06:27,2
BCAR4321,A,2025-03-25 21:26,42
ACAR1234,D,2025-07-28 07:59,18
ACAR1234,A,2026-09-15 00:31,47
CCAR1111,D,2025-03-29 06:17,48
CCAR1111,A,2025-04-05 12:07,43
BCAR4321,D,2026-05-29 23:21,18
BCAR4321,A,2025-05-30 22:51,23
CCAR1111,W,2027-05-16 22:33,1
CCAR1111,D,2025-03-16 23:06,43
ACAR1234,A,2025-03-02 20:17,32
CCAR1111,Z,2026-04-18 08:24,26
ACAR1234,A,2027-03-24 04:35,39
CCAR1111,A,2025-07-16 16:15,11
ACAR1234,A,2026-07-29 10:41,19
CCAR1111,A,2027-07-20 09:01,35
ACAR1234,A,2025-08-18 15:24,30
CCAR1111,A,2026-05-15 01:41,11
BCAR4321,A,2027-01-03 18:44,10
CCAR1111,A,2025-07-02 17:43,3
BCAR4321,D,2026-04-07 07:19,44
BCAR4321,D,2025-09-09 13:11,32
BCAR4321,A,2025-03-21 13:24,40
CCAR1111,A,2027-04-17 13:29,18
BCAR4321,A,2025-02-14 13:14,21
ACAR1234,A,2027-06-16 04:46,6
BCAR4321,A,2025-02-28 07:47,30
ACAR1234,A,2026-12-13 00:40,3
ACAR1234,D,2026-03-11 19:33,40
ACAR1234,A,2025-03-11 22:42,39
CCAR1111,A,2025-09-06 06:00,41
CCAR1111,A,2026-06-12 08:13,5
CCAR1111,A,2027-04-09 16:17,23
CCAR1111,D,2026-02-01 23:58,30
CCAR1111,A,2027-08-06 20:19,46
CCAR1111,A,2026-07-26 07:36,30
CCAR1111,D,2025-03-31 13:00,47
ACAR1234,D,2027-08-06 22:37,33
ACAR1234,D,2026-09-22 19:00,47
CCAR1111,A,2026-05-26 01:40,6
BCAR4321,D,2025-07-31 05:46,11
CCAR1111,A,2025-03-07 09:16,38
BCAR4321,D,2025-02-09 01:10,18
BCAR4321,Z,2026-06-04 14:57,14
BCAR4321,D,2026-08-18 21:22,27
CCAR1111,D,2025-05-07 08:12,27
CCAR1111,W,2025-02-17 20:42,25
BCAR4321,Z,2026-02-06 17:33,24
ACAR1234,A,2025-10-09 12:46,41
BCAR4321,A,2026-04-26 09:57,35
BCAR4321,A,2026-06-03 10:25,15
CCAR1111,D,2025-10-10 09:08,40
CCAR1111,D,2027-04-08 02:03,24
CCAR1111,A,2026-12-17 04:20,11
ACAR1234,A,2026-07-19 11:16,15
ACAR1234,D,2027-04-19 09:58,27
ACAR1234,D,2027-08-28 19:00,45
ACAR1234,D,2026-08-30 10:07,38
CCAR1111,A,2026-03-14 18:39,43
ACAR1234,D,2027-03-16 07:01,44
CCAR1111,D,2025-05-13 11:11,23
CCAR1111,A,2027-08-28 03:54,40
CCAR1111,A,2026-12-11 20:19,9
ACAR1234,W,2026-03-30 21:24,49
ACAR1234,D,2026-06-07 17:18,12
ACAR1234,D,2025-03-18 04:34,42
CCAR1111,A,2026-04-16 10:46,27
ACAR1234,A,2026-10-21 03:21,31
ACAR1234,D,2026-06-19 03:00,5
BCAR4321,A,2026-05-19 04:27,23
CCAR1111,D,2025-08-02 02:13,18
BCAR4321,D,2026-05-27 05:59,20
ACAR1234,D,2026-10-24 12:18,29
CCAR1111,D,2027-03-16 03:08,36
BCAR4321,D,2026-07-07 22:37,6
BCAR4321,A,2026-03-06 17:40,40
BCAR4321,A,2026-10-29 18:35,30
ACAR1234,D,2026-10-04 02:59,42
CCAR1111,A,2026-06-19 02:59,8
BCAR4321,A,2026-06-07 20:38,12
CCAR1111,A,2027-07-18 11:47,34
ACAR1234,D,2026-05-10 10:29,27
BCAR4321,A,2027-08-08 22:12,27
BCAR4321,A,2025-05-04 12:50,35
CCAR1111,A,2026-07-11 12:11,20
BCAR4321,W,2025-04-08 14:54,49
ACAR1234,D,2026-03-28 06:18,47
BCAR4321,A,2026-12-31 06:15,8
CCAR1111,A,2026-03-08 02:57,47
ACAR1234,D,2027-05-14 17:09,15
BCAR4321,A,2027-10-02 12:54,41
ACAR1234,D,2025-06-22 20:42,7
ACAR1234,A,2025-03-04 13:47,33
ACAR1234,A,2026-09-13 15:37,46
ACAR1234,D,2026-06-25 04:26,2
CCAR1111,A,2027-02-19 15:01,46
ACAR1234,A,2025-02-23 11:29,28
BCAR4321,A,2027-06-20 22:24,3
BCAR4321,A,2025-01-21 02:28,7
ACAR1234,W,2027-05-17 18:08,13
BCAR4321,A,2025-01-27 04:43,10
ACAR1234,D,2025-02-22 09:28,27
ACAR1234,A,2026-12-25 02:51,9
CCAR1111,D,2026-01-16 09:58,21
CCAR1111,D,2026-10-11 23:13,30
CCAR1111,D,2025-09-03 01:04,39
BCAR4321,A,2025-06-25 20:15,10
ACAR1234,D,2026-10-06 06:55,41
BCAR4321,D,2025-12-12 04:05,9
CCAR1111,A,2025-05-03 21:33,28
CCAR1111,D,2026-08-19 15:38,41
BCAR4321,D,2026-03-20 00:13,46
ACAR1234,A,2025-01-30 01:48,15
CCAR1111,A,2027-08-08 09:03,47
ACAR1234,Z,2025-08-09 19:38,24
CCAR1111,D,2027-03-17 20:10,35
ACAR1234,D,2025-10-07 10:47,43
CCAR1111,A,2025-06-06 04:02,11
BCAR4321,D,2026-05-12 01:59,28
BCAR4321,A,2025-09-11 02:03,33
BCAR4321,Z,2026-09-04 18:58,36
ACAR1234,A,2027-10-01 16:01,32
CCAR1111,D,2025-05-17 12:55,21
ACAR1234,A,2025-12-28 08:33,6
BCAR4321,A,2026-04-15 23:49,40
BCAR4321,A,2027-10-11 13:44,35
BCAR4321,A,2026-11-15 23:15,19
CCAR1111,D,2025-11-26 00:26,11
BCAR4321,D,2026-10-28 08:23,31
BCAR4321,Z,2027-05-01 04:56,26
BCAR4321,D,2025-05-04 17:18,35
BCAR4321,D,2027-05-12 22:01,20
BCAR4321,A,2025-11-21 09:49,20
CCAR1111,A,2026-09-14 00:28,42
ACAR1234,A,2025-10-30 23:55,31
BCAR4321,A,2025-11-17 16:41,22
ACAR1234,A,2027-08-03 15:15,32
ACAR1234,D,2025-08-30 08:38,35
BCAR4321,D,2026-03-17 06:05,44
ACAR1234,D,2026-08-16 22:55,30
CCAR1111,D,2027-06-12 06:19,15
BCAR4321,D,2027-09-03 01:24,41
BCAR4321,D,2025-12-07 22:33,11
BCAR4321,A,2027-01-15 01:27,15
BCAR4321,D,2026-11-17 22:16,19
ACAR1234,D,2025-12-17 21:39,3
CCAR1111,A,2027-01-07 02:30,23
BCAR4321,W,2025-08-24 06:07,25
ACAR1234,A,2025-12-16 10:27,3
BCAR4321,D,2026-06-19 04:38,7
CCAR1111,A,2026-06-26 11:49,11
ACAR1234,A,2026-10-16 18:58,34
CCAR1111,Z,2027-04-04 12:52,26
ACAR1234,D,2027-08-10 20:09,35
BCAR4321,W,2026-04-23 19:51,37
ACAR1234,A,2026-10-27 20:03,27
CCAR1111,D,2026-11-24 06:31,3
CCAR1111,A,2027-05-30 20:21,8
BCAR4321,D,2025-09-11 03:27,33
CCAR1111,A,2026-03-30 15:20,34
ACAR1234,A,2026-10-19 16:52,32
BCAR4321,A,2025-05-18 22:42,29
BCAR4321,W,2025-05-02 10:00,37
CCAR1111,D,2026-10-09 16:05,31
BCAR4321,D,2027-08-21 11:02,33
ACAR1234,D,2026-07-03 21:07,6
BCAR4321,D,2025-02-22 09:02,27
CCAR1111,A,2027-08-26 20:30,41
CCAR1111,A,2026-01-03 14:34,14
CCAR1111,A,2025-08-02 18:16,19
CCAR1111,D,2025-12-01 12:53,9
CCAR1111,D,2025-06-13 15:34,9
ACAR1234,A,2027-03-15 18:41,44
ACAR1234,D,2027-02-28 17:20,45
CCAR1111,D,2026-11-18 01:26,7
CCAR1111,D,2025-02-12 20:57,22
ACAR1234,D,2027-03-02 21:53,46
CCAR1111,A,2025-07-04 20:41,5
CCAR1111,D,2026-03-31 13:09,34
CCAR1111,A,2025-01-18 22:25,8
ACAR1234,D,2026-12-19 22:32,6
ACAR1234,A,2027-03-18 01:34,43
CCAR1111,D,2025-01-15 00:18,5
CCAR1111,A,2027-01-25 00:59,32
ACAR1234,A,2025-05-11 08:36,30
BCAR4321,D,2027-03-30 20:11,41
CCAR1111,W,2025-10-12 04:17,37
CCAR1111,A,2025-05-24 09:38,17
ACAR1234,D,2026-09-21 08:22,48
ACAR1234,D,2026-02-22 19:34,30
BCAR4321,A,2025-06-23 11:39,11
BCAR4321,D,2025-03-17 23:08,38
BCAR4321,A,2025-05-27 14:48,24
CCAR1111,A,2027-06-11 10:17,15
ACAR1234,A,2026-05-26 19:28,18
BCAR4321,A,2025-03-08 20:11,34
ACAR1234,A,2025-11-21 22:09,16
ACAR1234,D,2025-12-09 11:07,7
CCAR1111,D,2025-12-17 19:18,3
CCAR1111,D,2025-09-26 15:20,48
ACAR1234,D,2027-02-24 13:42,43
CCAR1111,A,2025-12-29 02:33,9
ACAR1234,A,2025-11-02 11:10,30
BCAR4321,Z,2026-04-22 07:58,38
CCAR1111,Z,2026-01-02 04:55,12
ACAR1234,A,2025-11-06 02:32,28
BCAR4321,A,2025-09-12 17:50,34
CCAR1111,Z,2026-07-18 14:11,24
BCAR4321,D,2026-11-02 22:14,28
ACAR1234,D,2026-11-02 00:48,23
BCAR4321,D,2026-12-05 12:24,9
ACAR1234,W,2025-08-11 17:57,25
BCAR4321,D,2026-10-09 04:37,44
BCAR4321,D,2025-07-23 18:07,7
BCAR4321,A,2026-04-14 05:34,41
ACAR1234,A,2026-04-06 01:15,44
CCAR1111,D,2025-01-07 12:05,2
CCAR1111,W,2026-09-03 22:41,49
ACAR1234,D,2025-03-26 22:56,46
ACAR1234,A,2027-08-08 03:48,34
ACAR1234,A,2027-08-27 16:45,45
ACAR1234,A,2027-04-29 08:21,22
BCAR4321,D,2025-11-30 19:00,16
CCAR1111,D,2026-01-05 04:48,15
CCAR1111,D,2026-02-27 11:57,43
BCAR4321,Z,2026-01-19 08:54,12
ACAR1234,D,2025-10-21 03:37,35
BCAR4321,A,2027-06-05 19:49,8
BCAR4321,D,2026-07-25 20:54,15
ACAR1234,D,2026-09-05 04:31,42
CCAR1111,D,2025-02-03 07:42,18
ACAR1234,D,2027-07-15 03:15,20
CCAR1111,D,2026-09-17 22:45,41
CCAR1111,A,2025-11-30 00:29,9
CCAR1111,D,2025-04-04 11:18,44
CCAR1111,A,2026-03-03 06:39,47
ACAR1234,A,2027-04-02 14:48,33
CCAR1111,A,2026-04-02 00:43,33
BCAR4321,W,2025-01-07 08:00,1
BCAR4321,Z,2026-12-19 10:53,2
ACAR1234,D,2025-01-23 20:57,10
BCAR4321,A,2027-02-27 12:38,41
BCAR4321,D,2025-08-12 09:42,18
CCAR1111,D,2026-07-07 06:07,18
BCAR4321,D,2027-08-15 16:21,31
BCAR4321,D,2027-01-01 09:54,8
BCAR4321,A,2026-03-11 13:24,42
CCAR1111,Z,2025-08-27 14:17,36
CCAR1111,D,2025-11-02 11:32,24
BCAR4321,A,2026-01-01 11:24,4
CCAR1111,A,2025-03-01 12:25,32
ACAR1234,D,2025-12-26 19:34,5
CCAR1111,D,2025-09-30 22:37,46
CCAR1111,D,2025-03-23 00:03,46
BCAR4321,D,2026-08-05 07:30,20
ACAR1234,D,2025-12-11 15:46,6
ACAR1234,D,2027-09-17 08:57,40
BCAR4321,D,2025-10-03 11:53,46
BCAR4321,A,2026-12-28 06:39,6
BCAR4321,D,2027-01-02 14:54,9
CCAR1111,D,2026-10-03 18:55,33
CCAR1111,D,2027-05-24 11:37,4
BCAR4321,A,2026-08-17 10:02,27
ACAR1234,A,2025-03-28 07:14,47
CCAR1111,A,2025-03-05 20:52,35
ACAR1234,D,2026-11-04 03:22,21
BCAR4321,D,2025-01-23 20:41,8
ACAR1234,D,2025-05-15 10:00,28
BCAR4321,A,2027-06-11 08:00,5
BCAR4321,D,2025-06-11 05:41,18
ACAR1234,A,2027-06-18 09:37,7
CCAR1111,A,2026-04-05 00:52,32
ACAR1234,Z,2025-11-09 14:36,26
ACAR1234,A,2026-01-27 01:16,18
BCAR4321,A,2027-04-28 18:53,27
BCAR4321,A,2025-05-20 06:53,28
ACAR1234,D,2026-03-14 17:20,41
ACAR1234,D,2026-05-23 12:07,20
BCAR4321,A,2026-08-07 05:49,21
CCAR1111,Z,2027-02-23 10:04,48
CCAR1111,A,2026-08-29 19:58,46
BCAR4321,A,2025-09-26 02:58,42
BCAR4321,A,2025-11-04 19:05,32
ACAR1234,A,2025-10-06 22:47,43
ACAR1234,A,2026-05-18 12:44,22
BCAR4321,A,2027-09-07 10:08,43
ACAR1234,D,2026-11-25 14:59,9
CCAR1111,A,2025-02-24 15:41,29
CCAR1111,D,2025-08-24 23:20,34
BCAR4321,W,2025-09-16 20:30,37
CCAR1111,A,2026-10-30 16:59,18
CCAR1111,A,2025-03-17 18:35,44
BCAR4321,D,2025-03-06 03:32,32
ACAR1234,D,2025-05-06 03:13,33
BCAR4321,A,2027-10-13 08:50,34
CCAR1111,Z,2025-10-11 08:14,38
ACAR1234,A,2025-10-10 03:40,40
CCAR1111,A,2027-03-05 14:57,41
CCAR1111,A,2025-11-27 09:25,10
CCAR1111,D,2027-01-25 23:20,32
CCAR1111,Z,2027-07-21 13:52,36
BCAR4321,A,2025-07-15 20:08,3
BCAR4321,D,2026-09-13 12:42,41
CCAR1111,D,2025-04-24 14:08,34
ACAR1234,D,2025-11-07 21:29,28
BCAR4321,D,2027-05-11 03:28,21
BCAR4321,D,2025-12-30 13:56,3
CCAR1111,D,2026-03-03 00:26,46
ACAR1234,A,2026-08-12 14:51,27
BCAR4321,A,2027-06-09 04:33,6
CCAR1111,A,2027-04-13 17:02,20
CCAR1111,A,2026-09-08 11:44,45
BCAR4321,Z,2026-03-02 05:31,36
BCAR4321,A,2027-03-16 10:08,47
ACAR1234,A,2027-05-01 15:17,21
CCAR1111,D,2027-03-11 09:26,39
ACAR1234,A,2025-09-30 16:27,46
ACAR1234,A,2026-10-03 02:16,42
BCAR4321,A,2025-02-10 00:36,19
ACAR1234,W,2025-10-16 09:58,37
CCAR1111,A,2025-08-05 12:27,20
ACAR1234,D,2025-11-03 17:23,30
BCAR4321,D,2026-06-10 12:22,11
BCAR4321,A,2027-04-02 09:01,39
ACAR1234,Z,2025-03-09 00:51,36
CCAR1111,A,2026-01-23 03:13,26
ACAR1234,D,2027-06-17 02:44,6
BCAR4321,A,2027-02-18 22:46,35
BCAR4321,A,2027-01-18 01:36,16
BCAR4321,D,2026-01-23 12:16,14
ACAR1234,D,2025-08-19 00:56,30
ACAR1234,A,2026-06-04 02:05,15
CCAR1111,A,2026-03-23 01:22,39
BCAR4321,D,2025-12-26 00:10,3
BCAR4321,D,2026-04-01 01:06,47
CCAR1111,A,2026-06-29 03:35,14
BCAR4321,D,2025-01-11 17:15,3
ACAR1234,W,2027-04-22 20:20,25
BCAR4321,D,2026-08-30 23:16,33
ACAR1234,W,2026-01-15 08:59,13
BCAR4321,W,2025-12-27 14:31,1
CCAR1111,W,2025-04-16 00:54,37
BCAR4321,D,2027-03-08 08:05,45
BCAR4321,A,2027-03-26 23:05,43
CCAR1111,A,2025-03-11 23:05,40
ACAR1234,A,2027-01-22 11:49,27
ACAR1234,A,2025-04-13 19:31,43
BCAR4321,A,2027-01-06 06:12,11
ACAR1234,D,2027-05-25 21:34,9
ACAR1234,D,2027-07-09 04:33,17
CCAR1111,A,2025-01-15 14:24,6
ACAR1234,A,2026-06-24 17:20,2
ACAR1234,D,2026-10-09 12:18,39
ACAR1234,A,2025-07-10 10:38,6
BCAR4321,A,2025-07-22 03:24,7
BCAR4321,A,2027-09-19 01:41,47
ACAR1234,A,2027-07-29 13:15,29
BCAR4321,A,2026-01-25 09:48,17
CCAR1111,A,2025-10-20 20:52,32
CCAR1111,D,2026-01-08 12:10,17
CCAR1111,A,2026-01-27 03:04,28
BCAR4321,A,2027-10-18 06:17,32
ACAR1234,A,2026-09-08 14:04,44
CCAR1111,D,2027-06-02 14:05,9
ACAR1234,A,2025-06-07 15:20,15
BCAR4321,A,2025-10-22 10:45,39
CCAR1111,D,2025-09-22 19:32,47
ACAR1234,A,2027-01-03 18:30,16
BCAR4321,A,2025-12-10 07:46,9
BCAR4321,D,2026-09-09 14:12,39
CCAR1111,D,2027-04-10 05:23,23
ACAR1234,A,2025-01-28 15:52,14
CCAR1111,Z,2027-04-25 10:01,14
ACAR1234,D,2025-06-16 04:51,11
ACAR1234,A,2027-05-20 16:19,11
ACAR1234,W,2027-07-01 19:02,13
CCAR1111,A,2026-10-14 14:00,28
CCAR1111,A,2027-07-14 17:16,32
ACAR1234,D,2026-04-02 11:11,47
CCAR1111,D,2027-07-15 11:40,32
ACAR1234,D,2027-01-25 01:22,28
ACAR1234,Z,2027-07-21 14:26,24
CCAR1111,D,2027-08-14 08:13,48
CCAR1111,D,2025-04-08 12:21,42
ACAR1234,A,2025-11-12 07:18,23
ACAR1234,D,2026-07-14 21:56,11
BCAR4321,Z,2027-08-25 15:38,36
BCAR4321,D,2026-04-15 12:16,41
ACAR1234,D,2025-11-09 01:51,27
ACAR1234,A,2025-10-17 22:41,36
ACAR1234,D,2026-11-29 18:31,7
ACAR1234,W,2025-11-10 02:17,25
CCAR1111,D,2025-11-10 04:36,19
ACAR1234,A,2027-01-20 01:30,26
CCAR1111,A,2027-03-14 18:00,36
BCAR4321,A,2025-09-15 09:19,35
ACAR1234,D,2027-07-07 18:50,16
BCAR4321,W,2027-06-16 19:50,1
CCAR1111,D,2026-01-07 04:37,16
BCAR4321,D,2026-02-19 02:13,30
CCAR1111,D,2026-05-01 05:08,20
ACAR1234,D,2027-09-05 16:41,48
ACAR1234,A,2025-01-19 08:53,8
ACAR1234,A,2027-05-30 23:20,5
ACAR1234,D,2027-03-23 01:44,41
CCAR1111,D,2026-07-25 01:33,28
ACAR1234,D,2026-06-12 00:46,9
CCAR1111,A,2026-02-07 22:55,34
ACAR1234,A,2026-02-27 01:32,32
CCAR1111,A,2027-04-02 00:01,27
CCAR1111,A,2025-09-18 03:37,46
CCAR1111,A,2027-03-24 00:57,32
BCAR4321,A,2025-08-31 15:12,28
BCAR4321,A,2026-11-02 05:27,28
BCAR4321,D,2026-09-22 03:02,45
ACAR1234,D,2026-01-25 13:02,17
CCAR1111,D,2025-04-12 06:09,40
CCAR1111,A,2025-07-09 09:28,7
BCAR4321,A,2026-10-04 04:30,46
CCAR1111,A,2027-03-31 16:46,28
ACAR1234,D,2026-07-17 12:18,14
ACAR1234,D,2025-08-12 23:44,26
BCAR4321,D,2025-04-17 20:45,45
CCAR1111,D,2027-01-15 15:16,28
ACAR1234,D,2025-01-15 03:48,5
BCAR4321,D,2026-05-07 15:08,30
ACAR1234,D,2025-11-16 01:42,21
ACAR1234,A,2026-03-15 00:59,42
BCAR4321,A,2027-10-05 06:37,40
ACAR1234,A,2025-04-21 03:13,40
CCAR1111,A,2025-01-19 04:29,9
ACAR1234,D,2025-05-29 03:15,20
ACAR1234,A,2025-05-09 09:30,31
CCAR1111,A,2025-12-31 10:11,11
CCAR1111,A,2027-05-04 13:05,9
BCAR4321,A,2025-07-23 19:53,8
CCAR1111,A,2027-08-04 08:46,45
CCAR1111,D,2026-08-18 16:52,40
BCAR4321,A,2026-11-04 15:09,27
ACAR1234,A,2025-05-01 15:41,34
BCAR4321,A,2026-02-17 17:57,30
BCAR4321,A,2026-06-11 19:09,10
CCAR1111,D,2026-04-28 01:00,21
CCAR1111,A,2027-02-26 11:10,46
CCAR1111,D,2027-07-24 12:51,38
BCAR4321,D,2026-09-06 23:47,38
CCAR1111,A,2027-05-26 15:33,6
ACAR1234,D,2026-11-08 12:19,19
BCAR4321,A,2026-03-16 00:06,44
CCAR1111,D,2025-06-26 17:52,4
ACAR1234,A,2026-08-25 19:17,35
BCAR4321,D,2026-02-12 22:05,28
ACAR1234,D,2027-06-15 11:07,5
BCAR4321,D,2027-02-07 12:51,28
BCAR4321,D,2026-01-08 14:10,8
CCAR1111,W,2026-01-21 12:15,25
ACAR1234,A,2025-08-01 07:59,21
CCAR1111,A,2025-01-13 12:27,5
CCAR1111,D,2025-05-26 03:02,17
ACAR1234,D,2027-03-14 09:02,45
CCAR1111,D,2026-04-16 03:57,28
CCAR1111,Z,2026-03-04 22:45,48
CCAR1111,A,2025-10-10 22:20,39
CCAR1111,D,2026-10-20 13:41,24
CCAR1111,A,2026-12-04 04:15,5
ACAR1234,A,2025-10-06 10:54,44
ACAR1234,A,2025-03-13 04:18,40
BCAR4321,A,2027-03-11 05:38,47
BCAR4321,Z,2025-04-06 22:37,48
ACAR1234,D,2026-02-08 17:45,23
ACAR1234,A,2026-08-17 13:07,31
CCAR1111,D,2025-03-19 07:36,44
BCAR4321,D,2027-09-29 00:31,43
ACAR1234,D,2026-05-30 05:31,17
CCAR1111,D,2025-01-19 04:17,8
CCAR1111,A,2025-08-16 12:28,27
CCAR1111,A,2027-08-22 05:57,43
CCAR1111,D,2027-01-02 08:04,20
CCAR1111,D,2025-11-08 23:05,20
BCAR4321,A,2025-10-02 06:36,46
BCAR4321,D,2027-01-27 23:34,21
ACAR1234,A,2025-07-25 23:58,17
ACAR1234,A,2027-01-05 21:59,17
CCAR1111,D,2026-05-07 00:42,16
ACAR1234,D,2026-06-22 10:07,3
BCAR4321,A,2026-01-21 19:15,14
ACAR1234,D,2027-06-26 20:32,10
ACAR1234,A,2026-01-17 23:35,15
BCAR4321,W,2027-01-09 14:38,13
CCAR1111,W,2026-11-05 03:03,13
CCAR1111,D,2026-12-16 04:26,10
ACAR1234,D,2026-01-30 01:27,19
ACAR1234,W,2025-07-22 09:09,13
BCAR4321,D,2025-02-23 11:33,28
ACAR1234,D,2026-08-25 13:24,34
ACAR1234,A,2026-06-16 14:44,6
CCAR1111,D,2027-07-26 19:34,39
ACAR1234,A,2026-03-18 14:25,43
BCAR4321,A,2025-04-02 11:56,46
ACAR1234,A,2025-07-26 21:54,18
ACAR1234,A,2026-05-20 22:01,21
BCAR4321,A,2026-09-20 21:41,45
CCAR1111,D,2027-06-18 06:18,18
ACAR1234,W,2027-03-05 09:23,49
CCAR1111,A,2025-01-24 22:14,11
BCAR4321,D,2025-07-20 22:42,6
BCAR4321,A,2025-07-18 23:09,6
CCAR1111,A,2025-07-04 06:49,4
BCAR4321,D,2025-12-14 19:39,8
CCAR1111,D,2025-08-19 20:17,31
ACAR1234,A,2025-03-25 19:00,46
CCAR1111,A,2025-12-29 12:57,10
CCAR1111,D,2025-08-17 11:16,28
ACAR1234,D,2025-01-25 00:08,11
BCAR4321,D,2026-01-24 01:44,15
BCAR4321,D,2026-07-31 08:17,17
BCAR4321,D,2027-08-19 12:38,32
CCAR1111,A,2027-04-07 21:18,24
BCAR4321,A,2027-08-17 15:24,32
ACAR1234,A,2027-09-07 22:49,46
CCAR1111,A,2027-02-21 00:03,47
ACAR1234,A,2027-06-08 04:26,3
BCAR4321,D,2025-04-18 21:38,44
ACAR1234,D,2025-06-13 21:03,12
CCAR1111,D,2025-10-05 06:40,43
ACAR1234,D,2027-06-13 02:12,4
CCAR1111,D,2027-09-10 03:30,33
BCAR4321,A,2026-09-02 23:16,35
CCAR1111,D,2026-04-15 02:30,29
CCAR1111,A,2026-12-09 16:15,8
CCAR1111,D,2026-06-11 04:54,4
CCAR1111,A,2025-04-25 10:08,33
BCAR4321,D,2026-05-02 11:59,32
CCAR1111,D,2026-10-07 11:30,32
ACAR1234,D,2026-04-17 10:18,40
CCAR1111,D,2026-05-03 23:10,18
ACAR1234,D,2025-03-20 15:29,43
CCAR1111,D,2027-06-20 15:24,19
BCAR4321,D,2025-03-03 08:09,31
ACAR1234,D,2027-07-05 06:06,15
BCAR4321,A,2026-08-04 01:23,20
CCAR1111,D,2026-02-22 14:50,41
CCAR1111,D,2026-11-19 20:00,6
ACAR1234,D,2026-01-22 06:05,16
ACAR1234,A,2027-08-13 03:26,38
BCAR4321,D,2026-12-27 20:36,5
CCAR1111,D,2027-01-18 18:27,29
ACAR1234,A,2026-12-20 23:12,7
BCAR4321,A,2027-07-25 18:49,19
ACAR1234,D,2026-11-22 16:07,11
CCAR1111,D,2026-10-26 22:52,20
BCAR4321,A,2025-11-02 08:10,33
ACAR1234,A,2025-11-07 22:23,27
ACAR1234,A,2025-07-28 12:53,19
CCAR1111,A,2025-01-17 17:19,7
CCAR1111,A,2025-08-14 06:32,26
CCAR1111,A,2027-08-19 20:20,45
BCAR4321,A,2026-07-06 17:30,6
ACAR1234,A,2027-06-11 20:36,4
BCAR4321,A,2027-05-30 17:15,12
ACAR1234,A,2027-07-15 08:14,21
BCAR4321,D,2027-06-25 04:55,4
BCAR4321,W,2026-11-07 12:57,25
ACAR1234,A,2025-07-16 04:21,9
BCAR4321,Z,2027-02-01 12:23,24
CCAR1111,Z,2025-05-08 07:39,26
BCAR4321,A,2025-10-08 01:30,48
ACAR1234,Z,2026-05-12 02:20,26
ACAR1234,A,2027-07-13 17:30,20
CCAR1111,A,2026-08-16 23:03,40
ACAR1234,A,2025-10-07 19:48,42
ACAR1234,D,2027-09-18 11:18,39
BCAR4321,A,2027-10-06 23:45,39
BCAR4321,D,2027-07-04 23:24,8
BCAR4321,A,2027-06-08 03:07,7
ACAR1234,Z,2026-08-06 23:55,24
ACAR1234,A,2027-09-24 19:21,35
CCAR1111,A,2027-02-25 18:23,47
CCAR1111,W,2027-07-21 22:08,37
ACAR1234,A,2026-08-19 01:20,32
CCAR1111,D,2025-11-17 03:05,15
CCAR1111,A,2027-09-07 00:24,35
BCAR4321,A,2025-12-25 17:57,3
CCAR1111,D,2027-06-06 17:10,11
ACAR1234,D,2026-11-12 01:07,18
CCAR1111,D,2026-08-07 06:33,34
ACAR1234,A,2027-05-14 08:50,15
ACAR1234,A,2026-04-04 18:31,45
BCAR4321,A,2026-03-03 03:04,38
CCAR1111,A,2025-08-19 12:12,30
BCAR4321,W,2026-09-28 18:17,49
CCAR1111,D,2025-09-17 07:32,45
CCAR1111,A,2027-03-21 11:15,33
CCAR1111,A,2027-01-14 09:49,28
BCAR4321,D,2026-12-30 11:32,7
CCAR1111,A,2026-10-28 11:06,19
BCAR4321,A,2025-09-21 22:49,40
ACAR1234,D,2025-10-26 11:44,33
ACAR1234,D,2026-08-23 06:30,33
BCAR4321,A,2025-10-21 11:29,40
BCAR4321,D,2026-03-06 09:37,39
CCAR1111,A,2025-12-11 02:28,3
BCAR4321,D,2026-03-10 00:06,41
CCAR1111,D,2025-09-07 19:46,42
ACAR1234,A,2026-03-13 08:58,41
ACAR1234,D,2026-06-28 23:44,4
BCAR4321,D,2025-03-01 19:35,30
BCAR4321,D,2027-06-04 05:31,10
CCAR1111,D,2026-05-10 05:56,15
BCAR4321,A,2026-03-09 02:46,41
ACAR1234,W,2025-05-17 23:27,25
BCAR4321,A,2027-05-03 03:35,24
BCAR4321,A,2027-04-19 18:23,31
ACAR1234,A,2026-03-09 20:14,39
CCAR1111,D,2026-10-17 17:41,27
CCAR1111,D,2025-01-30 00:01,16
CCAR1111,Z,2027-09-02 19:04,38
BCAR4321,D,2026-01-12 05:05,9
ACAR1234,D,2026-07-23 03:34,16
CCAR1111,Z,2025-02-16 12:53,24
BCAR4321,D,2026-05-18 00:36,24
CCAR1111,A,2026-11-03 11:46,15
ACAR1234,D,2026-08-06 06:53,23
ACAR1234,W,2025-12-19 22:19,1
ACAR1234,A,2025-04-03 11:53,47
CCAR1111,D,2026-07-10 15:47,19
CCAR1111,A,2026-06-09 21:38,4
BCAR4321,D,2025-07-06 14:40,5
CCAR1111,D,2025-09-05 01:28,40
BCAR4321,Z,2025-10-24 04:31,38
BCAR4321,D,2026-12-18 03:24,3
BCAR4321,D,2026-04-28 19:11,34
BCAR4321,A,2027-07-17 15:56,16
BCAR4321,A,2026-05-09 12:01,29
ACAR1234,A,2026-12-03 07:24,5
CCAR1111,W,2026-05-13 01:07,13
ACAR1234,D,2025-12-16 08:32,4
BCAR4321,D,2026-10-24 03:38,34
CCAR1111,D,2025-12-07 22:00,5
CCAR1111,A,2026-02-27 12:31,44
CCAR1111,D,2025-06-22 10:16,6
BCAR4321,A,2025-06-02 11:57,22
BCAR4321,A,2027-03-19 20:53,46
BCAR4321,D,2026-07-16 02:01,9
CCAR1111,W,2027-04-06 04:06,25
CCAR1111,D,2027-03-19 22:26,34
BCAR4321,A,2025-12-13 13:26,8
CCAR1111,D,2026-04-26 09:51,22
ACAR1234,A,2026-04-11 06:47,42
ACAR1234,A,2027-07-12 03:58,19
BCAR4321,A,2025-08-03 14:14,14
BCAR4321,D,2025-10-16 13:04,44
BCAR4321,D,2027-06-04 15:43,9
ACAR1234,A,2025-02-12 13:35,21
ACAR1234,D,2027-09-08 12:59,46
CCAR1111,W,2027-02-03 09:38,37
ACAR1234,A,2027-09-14 17:45,41
BCAR4321,A,2027-03-27 10:16,42
BCAR4321,A,2027-09-12 00:02,45
BCAR4321,W,2026-03-02 23:19,37
BCAR4321,D,2025-10-23 16:11,39
ACAR1234,A,2025-02-14 05:55,22
CCAR1111,D,2026-06-18 17:29,7
ACAR1234,A,2025-06-27 05:11,5
BCAR4321,A,2025-12-30 09:53,3
ACAR1234,A,2027-01-08 08:50,19
BCAR4321,D,2026-09-02 01:23,34
CCAR1111,A,2026-11-23 02:30,4
BCAR4321,A,2027-07-08 20:41,10
ACAR1234,D,2026-10-07 18:30,40
CCAR1111,A,2026-10-05 15:39,32
BCAR4321,D,2027-07-30 16:33,21
BCAR4321,D,2025-10-30 10:23,35
BCAR4321,D,2026-01-25 04:41,16
ACAR1234,A,2026-08-15 05:41,29
ACAR1234,D,2025-11-24 15:48,15
BCAR4321,D,2026-10-21 16:06,35
ACAR1234,D,2027-06-19 13:18,7
BCAR4321,A,2027-05-17 12:53,18
ACAR1234,D,2027-02-22 08:44,42
ACAR1234,A,2025-06-17 20:56,10
BCAR4321,A,2026-07-16 09:20,10
BCAR4321,A,2027-08-13 18:07,30
CCAR1111,D,2027-08-21 20:11,44
ACAR1234,A,2025-03-05 13:18,34
ACAR1234,A,2027-05-05 20:40,18
CCAR1111,A,2025-05-06 11:53,27
CCAR1111,D,2027-05-30 06:28,7
BCAR4321,Z,2025-02-19 10:23,24
CCAR1111,D,2026-05-02 07:06,19
CCAR1111,D,2025-09-19 16:48,46
CCAR1111,A,2025-04-28 08:18,31
BCAR4321,D,2025-03-20 00:06,39
ACAR1234,A,2025-02-26 18:39,30
ACAR1234,D,2025-09-15 21:17,45
ACAR1234,Z,2026-06-05 12:20,14
ACAR1234,D,2027-01-23 06:56,27
BCAR4321,D,2027-09-28 02:04,44
CCAR1111,A,2027-07-23 10:56,38
CCAR1111,D,2026-02-04 15:01,32
BCAR4321,A,2026-06-19 02:38,7
CCAR1111,A,2027-09-10 02:19,33
CCAR1111,A,2025-10-03 19:24,44
BCAR4321,A,2026-02-02 13:17,21
BCAR4321,D,2025-10-09 16:23,48
CCAR1111,D,2026-03-28 18:48,35
BCAR4321,A,2026-12-27 16:38,5
ACAR1234,A,2027-02-13 10:14,38
CCAR1111,D,2027-03-02 20:26,44
BCAR4321,A,2027-03-30 09:36,41
CCAR1111,A,2026-11-08 00:58,11
BCAR4321,A,2025-04-04 20:08,47
CCAR1111,A,2025-09-15 08:44,45
BCAR4321,D,2026-07-01 15:21,3
BCAR4321,A,2025-11-29 14:46,16
CCAR1111,A,2025-04-26 12:52,32
BCAR4321,D,2027-04-04 06:59,39
BCAR4321,D,2026-12-29 10:31,6
CCAR1111,D,2025-02-06 01:28,19
CCAR1111,A,2026-02-18 15:55,40
CCAR1111,D,2026-02-28 14:00,45
BCAR4321,Z,2026-11-23 22:22,14
CCAR1111,A,2025-08-17 14:10,29
BCAR4321,A,2025-06-28 08:25,8
ACAR1234,A,2027-08-29 12:06,46
CCAR1111,W,2027-06-07 23:37,13
BCAR4321,D,2026-11-10 20:45,24
ACAR1234,D,2026-02-13 04:56,26
ACAR1234,D,2026-08-17 16:04,31
ACAR1234,D,2027-08-15 03:23,38
ACAR1234,W,2026-12-09 06:28,1
ACAR1234,A,2026-03-19 18:22,44
ACAR1234,D,2025-10-23 00:29,34
ACAR1234,A,2025-05-31 03:38,18
ACAR1234,A,2025-11-21 04:18,17
CCAR1111,D,2025-04-13 11:09,39
BCAR4321,A,2025-06-29 07:15,7
BCAR4321,D,2026-04-10 21:28,43
ACAR1234,D,2025-01-08 10:21,2
ACAR1234,D,2026-08-13 00:53,27
CCAR1111,A,2026-10-16 23:23,27
ACAR1234,A,2025-12-05 12:11,8
CCAR1111,A,2026-06-17 06:36,7
CCAR1111,A,2027-07-13 04:16,31
ACAR1234,A,2027-07-23 10:48,26
ACAR1234,A,2025-09-25 15:17,48
ACAR1234,D,2026-01-16 03:07,14
CCAR1111,W,2025-01-26 01:08,13
BCAR4321,A,2026-04-25 06:49,36
ACAR1234,A,2025-10-03 05:02,45
ACAR1234,D,2026-12-03 04:12,6
CCAR1111,A,2027-08-17 19:21,46
ACAR1234,D,2025-09-04 18:21,38
CCAR1111,Z,2027-03-12 10:54,38
ACAR1234,D,2026-05-06 21:21,30
CCAR1111,A,2027-02-17 14:35,45
CCAR1111,A,2027-04-12 00:16,21
CCAR1111,D,2025-10-24 16:17,31
CCAR1111,D,2026-03-13 16:14,45
CCAR1111,A,2027-02-16 00:07,44
CCAR1111,A,2027-07-29 20:39,41
CCAR1111,D,2027-08-26 08:42,42
CCAR1111,A,2025-06-08 08:01,10
ACAR1234,D,2025-09-09 10:27,41
ACAR1234,A,2026-03-04 02:09,34
ACAR1234,A,2026-07-12 12:32,10
BCAR4321,A,2025-07-27 10:41,10
ACAR1234,D,2027-01-09 07:00,19
ACAR1234,D,2025-11-10 12:28,24
BCAR4321,A,2027-09-28 22:48,43
ACAR1234,A,2027-06-21 07:21,8
BCAR4321,Z,2025-05-25 12:21,26
BCAR4321,A,2026-04-06 22:56,44
CCAR1111,A,2027-06-12 15:36,16
ACAR1234,A,2025-01-20 15:33,9
BCAR4321,D,2027-08-30 01:36,39
ACAR1234,A,2026-12-26 14:31,10
BCAR4321,D,2026-03-05 02:28,38
CCAR1111,A,2026-09-19 17:37,40
ACAR1234,A,2027-09-13 11:53,42
BCAR4321,D,2027-06-12 11:22,5
BCAR4321,A,2026-07-09 04:24,7
CCAR1111,D,2026-06-07 04:44,2
BCAR4321,W,2026-07-20 11:16,13
CCAR1111,D,2026-02-17 09:48,39
ACAR1234,A,2025-12-30 13:29,7
CCAR1111,D,2027-02-02 01:24,35
ACAR1234,D,2025-07-08 13:26,4
ACAR1234,A,2027-09-15 23:27,40
BCAR4321,W,2027-10-08 19:16,37
BCAR4321,D,2025-07-29 07:40,10
BCAR4321,Z,2027-02-20 23:23,36
BCAR4321,A,2026-11-19 16:46,17
BCAR4321,A,2025-05-14 14:38,31
ACAR1234,A,2025-07-13 07:35,7
ACAR1234,A,2026-09-22 05:35,47
BCAR4321,D,2026-09-23 11:37,46
BCAR4321,Z,2025-07-11 10:09,2
BCAR4321,D,2025-07-17 08:28,4
CCAR1111,D,2026-01-10 23:54,18
CCAR1111,A,2026-12-08 19:22,7
ACAR1234,D,2026-09-16 16:00,47
BCAR4321,A,2026-06-14 08:14,9
BCAR4321,D,2026-04-27 06:15,35
ACAR1234,A,2026-02-17 00:09,28
ACAR1234,D,2027-09-25 20:48,35
ACAR1234,D,2027-08-01 16:06,30
ACAR1234,A,2026-01-09 17:20,11
BCAR4321,D,2027-08-05 05:06,23
CCAR1111,D,2025-10-29 11:59,27
ACAR1234,Z,2026-08-27 08:18,36
BCAR4321,D,2027-07-20 16:40,17
ACAR1234,W,2026-12-31 23:35,13
ACAR1234,D,2027-04-07 11:22,31
BCAR4321,D,2026-11-18 12:56,18
ACAR1234,A,2026-11-23 06:11,10
CCAR1111,A,2025-08-10 17:16,22
ACAR1234,D,2025-05-22 11:05,23
CCAR1111,D,2027-01-27 19:23,33
ACAR1234,D,2026-10-01 16:59,43
ACAR1234,D,2025-11-29 04:24,11
ACAR1234,D,2026-02-03 17:08,21
CCAR1111,A,2025-11-01 04:24,24
BCAR4321,Z,2025-05-01 03:53,38
BCAR4321,A,2027-01-24 00:28,19
CCAR1111,D,2026-11-22 14:20,5
ACAR1234,D,2026-12-16 01:07,4
BCAR4321,A,2025-02-16 08:24,22
CCAR1111,D,2026-12-08 06:08,6
BCAR4321,D,2027-05-18 16:26,18
CCAR1111,A,2026-08-12 01:50,38
BCAR4321,A,2026-08-02 18:18,19
CCAR1111,A,2027-01-20 08:46,30
BCAR4321,W,2026-09-05 08:04,37
CCAR1111,D,2027-01-11 23:03,26
BCAR4321,D,2025-05-04 10:17,36
ACAR1234,A,2026-04-26 18:32,35
BCAR4321,D,2026-08-02 08:50,18
BCAR4321,A,2025-08-28 07:36,27
BCAR4321,A,2027-09-02 12:43,41
CCAR1111,D,2027-08-08 19:36,47
CCAR1111,D,2025-12-10 03:08,4
BCAR4321,D,2026-06-07 23:59,12
BCAR4321,D,2025-04-25 19:35,41
BCAR4321,D,2027-10-07 04:22,39
ACAR1234,D,2025-12-03 12:39,9
ACAR1234,A,2025-08-04 15:54,22
BCAR4321,Z,2026-09-27 05:06,48
BCAR4321,D,2027-07-29 04:09,20
CCAR1111,D,2026-05-20 16:00,9
CCAR1111,D,2027-03-03 19:47,43
BCAR4321,D,2026-09-03 13:11,35
CCAR1111,D,2025-08-26 12:34,35
BCAR4321,D,2026-11-28 18:39,12
CCAR1111,D,2026-05-29 05:56,5
ACAR1234,D,2027-03-29 11:55,36
BCAR4321,A,2025-03-16 07:31,38
CCAR1111,A,2025-01-08 22:10,3
ACAR1234,D,2025-10-06 17:43,44
CCAR1111,D,2025-09-01 17:15,38
ACAR1234,A,2027-05-25 14:18,9
ACAR1234,A,2025-04-16 10:35,42
BCAR4321,A,2026-06-01 02:11,16
CCAR1111,A,2025-05-27 07:03,16
ACAR1234,A,2025-06-29 04:00,4
ACAR1234,A,2025-04-23 20:42,39
BCAR4321,D,2027-06-01 20:10,11
BCAR4321,A,2026-06-23 03:20,5
CCAR1111,A,2027-08-31 09:13,39
CCAR1111,D,2025-07-26 14:33,15
CCAR1111,D,2025-02-25 22:37,30
BCAR4321,D,2027-02-16 09:54,33
CCAR1111,A,2025-02-04 14:36,19
BCAR4321,D,2027-09-12 01:24,45
CCAR1111,D,2025-09-07 11:46,41
CCAR1111,D,2025-12-03 19:53,8
CCAR1111,A,2026-07-22 20:25,27
BCAR4321,W,2027-08-06 12:01,25
ACAR1234,A,2025-10-27 21:13,32
ACAR1234,D,2026-12-17 16:20,5
ACAR1234,D,2025-03-14 03:32,40
BCAR4321,D,2027-09-02 05:31,40
CCAR1111,A,2025-09-29 13:29,46
CCAR1111,A,2026-07-09 05:27,19
CCAR1111,A,2027-05-24 06:19,4
ACAR1234,A,2026-05-09 21:02,27
CCAR1111,D,2025-08-12 23:20,23
BCAR4321,D,2026-06-30 16:38,2
CCAR1111,A,2025-04-23 03:09,34
BCAR4321,D,2026-06-15 03:53,9
CCAR1111,D,2027-08-03 02:19,44
BCAR4321,D,2026-05-22 16:29,22
BCAR4321,A,2025-07-07 06:32,4
CCAR1111,D,2026-03-15 19:15,43
CCAR1111,A,2026-02-26 15:53,43
CCAR1111,A,2025-03-14 03:33,41
CCAR1111,D,2025-08-11 16:26,22
CCAR1111,A,2025-10-01 22:45,45
ACAR1234,A,2026-02-21 17:39,30
ACAR1234,A,2027-01-29 04:50,30
BCAR4321,D,2027-09-05 22:49,42
CCAR1111,D,2025-07-05 15:06,5
BCAR4321,A,2027-08-31 22:35,40
ACAR1234,A,2025-04-10 03:49,44
BCAR4321,A,2025-12-07 07:25,11
CCAR1111,A,2026-01-16 05:53,21
ACAR1234,A,2027-01-15 01:36,22
ACAR1234,D,2027-03-20 10:08,42
CCAR1111,Z,2027-02-02 08:16,36
BCAR4321,D,2027-07-07 09:28,9
CCAR1111,A,2026-05-04 05:04,17
BCAR4321,A,2026-07-05 03:38,5
CCAR1111,D,2025-02-23 11:09,28
CCAR1111,D,2025-01-16 12:26,6
ACAR1234,D,2025-06-03 16:15,17
CCAR1111,D,2026-07-03 18:04,15
CCAR1111,A,2025-02-25 16:04,30
BCAR4321,W,2027-07-14 03:24,13
BCAR4321,A,2025-11-19 10:16,21
ACAR1234,D,2026-11-27 00:36,8
ACAR1234,D,2027-03-30 18:23,35
BCAR4321,D,2027-01-13 02:11,14
BCAR4321,D,2026-01-30 17:52,19
CCAR1111,A,2025-10-08 20:33,40
CCAR1111,A,2026-12-28 03:00,17
BCAR4321,A,2026-09-10 04:35,40
CCAR1111,D,2026-08-28 06:51,45
CCAR1111,A,2026-03-20 02:34,40
ACAR1234,A,2026-12-06 13:21,3
BCAR4321,D,2027-06-14 07:26,3
CCAR1111,D,2026-10-15 17:18,28
ACAR1234,A,2027-07-20 00:26,23
BCAR4321,D,2026-03-07 04:11,40
BCAR4321,D,2026-12-23 06:51,3
ACAR1234,A,2027-07-04 15:58,15
ACAR1234,D,2026-04-12 20:06,42
CCAR1111,A,2025-07-06 13:01,6
CCAR1111,D,2025-10-27 11:55,28
BCAR4321,A,2027-02-21 20:21,38
ACAR1234,A,2025-06-24 17:54,6
ACAR1234,D,2027-01-01 20:44,15
CCAR1111,D,2025-07-10 18:53,7
BCAR4321,D,2025-11-13 16:55,24
ACAR1234,D,2025-01-30 13:22,15
CCAR1111,A,2025-03-02 15:35,33
BCAR4321,D,2026-10-29 18:44,30
BCAR4321,D,2026-10-06 04:19,46
ACAR1234,A,2026-08-21 09:59,33
CCAR1111,D,2025-01-20 13:06,9
ACAR1234,A,2027-09-28 15:01,33
BCAR4321,W,2025-07-12 03:54,1
BCAR4321,D,2026-12-16 01:45,4
BCAR4321,D,2025-02-17 12:26,22
ACAR1234,A,2025-02-08 06:17,19
BCAR4321,A,2027-03-31 16:24,40
CCAR1111,D,2026-09-10 00:46,44
BCAR4321,A,2026-01-25 03:35,16
ACAR1234,A,2025-02-15 09:15,23
BCAR4321,Z,2027-03-13 03:33,48
CCAR1111,A,2025-07-12 00:56,8
CCAR1111,D,2026-08-23 22:43,43
BCAR4321,D,2027-09-20 16:39,47
CCAR1111,A,2025-10-16 16:57,35
BCAR4321,A,2027-08-06 15:37,26
ACAR1234,A,2026-09-11 20:55,45
BCAR4321,W,2025-05-25 18:45,25
ACAR1234,D,2025-02-01 22:50,16
ACAR1234,A,2026-03-30 23:39,48
CCAR1111,A,2025-12-16 07:33,3
CCAR1111,D,2027-02-27 10:40,46
ACAR1234,A,2026-05-22 08:56,20
BCAR4321,D,2025-10-01 08:57,45
BCAR4321,A,2025-11-08 02:01,29
CCAR1111,A,2025-12-26 13:20,8
BCAR4321,D,2026-01-27 06:19,17
BCAR4321,D,2025-11-08 21:08,28
ACAR1234,D,2025-08-24 22:46,33
ACAR1234,A,2026-07-17 08:05,14
ACAR1234,D,2026-06-17 10:20,6
CCAR1111,D,2026-03-10 23:25,46
BCAR4321,D,2025-09-07 08:10,31
BCAR4321,D,2025-06-02 23:28,22
ACAR1234,D,2026-12-25 12:01,9
ACAR1234,A,2027-01-06 15:14,18
CCAR1111,A,2026-10-12 07:30,29
BCAR4321,D,2027-02-03 06:54,26
ACAR1234,D,2025-03-03 21:24,32
ACAR1234,A,2026-10-05 11:02,41
BCAR4321,A,2025-07-16 01:57,4
CCAR1111,A,2025-07-27 05:21,16
ACAR1234,D,2026-08-25 21:19,35
BCAR4321,A,2025-11-08 19:43,28
BCAR4321,A,2026-02-01 03:29,20
CCAR1111,Z,2026-09-03 06:11,48
CCAR1111,D,2026-09-15 12:50,42
BCAR4321,A,2027-05-11 22:02,20
ACAR1234,A,2027-08-06 16:10,33
CCAR1111,D,2027-02-19 17:52,46
BCAR4321,A,2025-09-23 03:12,41
ACAR1234,D,2027-07-04 15:40,14
CCAR1111,A,2026-06-21 14:05,9
BCAR4321,A,2025-10-19 20:58,41
CCAR1111,D,2026-01-29 02:02,28
CCAR1111,A,2027-08-01 03:20,44
CCAR1111,D,2025-05-03 16:34,29
CCAR1111,A,2026-01-13 17:55,20
CCAR1111,D,2025-02-14 23:36,23
BCAR4321,D,2025-06-07 06:32,20
CCAR1111,A,2026-01-07 14:23,17
ACAR1234,D,2026-12-11 06:17,2
CCAR1111,A,2026-09-27 11:21,35
BCAR4321,W,2025-01-31 13:10,13
ACAR1234,A,2027-01-16 04:16,23
BCAR4321,D,2026-07-17 17:55,10
CCAR1111,A,2025-12-18 20:03,4
CCAR1111,D,2025-02-19 21:05,26
ACAR1234,A,2026-06-11 04:12,9
ACAR1234,A,2025-03-23 18:15,45
CCAR1111,A,2026-10-20 05:32,24
BCAR4321,W,2025-11-12 18:20,25
CCAR1111,A,2026-05-01 22:38,19
ACAR1234,D,2027-07-12 14:47,19
BCAR4321,D,2026-02-15 19:49,29
BCAR4321,A,2026-10-27 00:02,32
CCAR1111,D,2027-01-23 04:42,31
BCAR4321,D,2025-04-29 18:02,39
ACAR1234,D,2025-06-06 11:08,16
CCAR1111,W,2026-12-21 06:09,13
ACAR1234,D,2027-02-16 18:00,39
ACAR1234,Z,2025-11-24 19:05,14
ACAR1234,D,2025-01-13 02:51,4
ACAR1234,A,2027-08-10 02:45,35
ACAR1234,D,2027-04-03 07:53,33
ACAR1234,D,2027-01-06 14:52,17
ACAR1234,A,2027-07-08 10:10,17
ACAR1234,D,2026-04-30 17:21,34
ACAR1234,A,2025-07-08 01:03,4
ACAR1234,D,2025-06-21 10:13,8
BCAR4321,A,2026-06-25 10:12,4
ACAR1234,A,2026-04-08 15:18,43
ACAR1234,D,2026-05-19 13:49,22
CCAR1111,D,2025-01-10 19:04,3
BCAR4321,A,2025-06-08 04:03,19
BCAR4321,A,2025-11-15 11:38,23
CCAR1111,W,2025-08-29 11:58,37
BCAR4321,A,2025-05-03 03:10,36
CCAR1111,D,2027-04-22 07:46,16
BCAR4321,A,2027-09-26 17:23,44
BCAR4321,A,2026-03-27 09:29,48
BCAR4321,A,2027-06-29 00:37,6
BCAR4321,D,2025-01-14 06:07,4
BCAR4321,A,2026-10-10 05:01,43
BCAR4321,D,2026-10-16 15:30,41
BCAR4321,D,2025-03-25 01:53,41
ACAR1234,D,2026-08-14 16:59,28
CCAR1111,A,2026-12-21 23:38,14
CCAR1111,A,2025-12-07 16:44,5
CCAR1111,Z,2025-09-23 12:55,48
CCAR1111,D,2025-10-25 13:39,29
ACAR1234,A,2025-11-23 14:49,15
BCAR4321,D,2027-03-11 16:43,47
ACAR1234,D,2026-03-31 10:39,48
BCAR4321,W,2027-05-30 06:03,13
CCAR1111,D,2025-06-23 17:18,5
CCAR1111,D,2027-04-01 19:31,28
ACAR1234,D,2027-04-16 00:23,28
CCAR1111,W,2026-01-03 07:36,13
CCAR1111,A,2025-04-09 13:56,41
BCAR4321,D,2026-02-26 16:03,34
BCAR4321,A,2025-08-04 21:44,15
CCAR1111,D,2025-11-04 16:59,22
BCAR4321,A,2026-05-30 03:28,17
CCAR1111,A,2027-05-13 16:41,3
ACAR1234,D,2025-03-29 13:34,47
BCAR4321,A,2026-02-13 23:17,29
CCAR1111,D,2027-07-03 03:59,26
BCAR4321,A,2026-05-13 08:02,27
ACAR1234,A,2027-02-19 06:35,41
ACAR1234,A,2027-03-12 13:08,45
BCAR4321,D,2026-11-12 11:30,22
ACAR1234,D,2025-02-27 06:34,30
CCAR1111,D,2025-12-24 10:48,6
BCAR4321,A,2025-10-26 10:48,36
BCAR4321,A,2026-11-12 17:22,21
CCAR1111,D,2026-08-02 09:25,32
CCAR1111,W,2025-06-02 07:04,13
BCAR4321,A,2026-12-17 17:51,3
BCAR4321,A,2025-09-20 19:32,39
ACAR1234,A,2025-04-30 11:11,35
CCAR1111,D,2027-03-05 13:57,42
ACAR1234,A,2027-09-17 11:24,39
ACAR1234,A,2026-05-31 10:22,16
CCAR1111,A,2027-05-28 19:04,7
BCAR4321,A,2025-01-17 16:46,6
BCAR4321,W,2025-08-01 21:06,13
BCAR4321,D,2026-02-06 12:17,23
ACAR1234,A,2026-08-23 22:14,34
ACAR1234,D,2027-02-10 09:39,35
ACAR1234,A,2025-01-22 11:45,10
BCAR4321,D,2025-02-18 09:45,23
BCAR4321,A,2026-04-04 06:44,45
CCAR1111,A,2026-03-26 00:47,36
ACAR1234,Z,2025-10-14 23:54,38
CCAR1111,W,2026-09-23 19:49,37
ACAR1234,D,2026-03-16 17:01,42
BCAR4321,D,2025-12-02 15:33,15
BCAR4321,D,2027-08-28 17:32,38
ACAR1234,A,2026-11-05 21:41,20
ACAR1234,A,2025-02-04 13:32,18
BCAR4321,A,2025-12-15 15:28,7
ACAR1234,D,2026-12-27 08:18,10
ACAR1234,A,2027-08-18 07:37,40
BCAR4321,D,2027-07-26 15:16,19
CCAR1111,A,2025-10-18 12:57,33
ACAR1234,D,2025-08-03 01:43,21
ACAR1234,Z,2027-09-20 02:29,38
BCAR4321,D,2025-06-29 06:59,8
CCAR1111,W,2027-02-23 18:05,49
CCAR1111,A,2025-01-11 18:35,4
ACAR1234,D,2025-11-22 22:40,16
ACAR1234,D,2026-07-28 00:57,18
BCAR4321,A,2026-01-28 09:07,18
BCAR4321,D,2027-01-07 02:51,11
BCAR4321,D,2025-04-05 08:51,47
CCAR1111,A,2026-11-06 13:00,12
ACAR1234,A,2025-12-08 02:00,7
BCAR4321,A,2026-10-30 08:59,29
ACAR1234,A,2025-06-02 06:17,17
CCAR1111,A,2025-12-02 05:22,8
CCAR1111,D,2026-02-07 18:38,33
BCAR4321,A,2025-04-29 02:53,39
ACAR1234,D,2027-05-05 05:39,19
ACAR1234,D,2027-09-02 08:47,47
BCAR4321,D,2025-03-23 12:45,40
CCAR1111,D,2026-03-27 05:06,36
BCAR4321,A,2027-07-16 17:58,15
ACAR1234,A,2025-06-12 19:38,12
ACAR1234,A,2026-11-02 12:09,22
ACAR1234,A,2026-10-31 10:57,24
BCAR4321,D,2025-01-09 09:08,2
CCAR1111,A,2025-12-03 20:13,7
CCAR1111,D,2026-05-22 14:22,8
ACAR1234,W,2025-07-03 01:54,1
CCAR1111,D,2026-10-13 12:09,29
BCAR4321,Z,2027-06-14 20:28,2
BCAR4321,D,2026-06-26 01:11,4
CCAR1111,A,2027-03-17 17:32,35
BCAR4321,A,2025-08-08 11:56,16
ACAR1234,D,2025-01-29 15:58,14
CCAR1111,D,2027-03-07 19:28,40
CCAR1111,A,2027-03-06 01:36,40
CCAR1111,A,2025-03-16 11:06,43
CCAR1111,A,2025-10-24 18:23,30
ACAR1234,A,2027-06-01 00:09,4
CCAR1111,A,2027-06-06 02:03,11
ACAR1234,D,2027-08-04 20:32,32
CCAR1111,A,2026-11-20 19:46,5
BCAR4321,D,2026-07-22 19:27,14
ACAR1234,D,2025-12-13 10:24,5
CCAR1111,A,2026-05-13 01:55,12
CCAR1111,A,2027-08-15 09:39,47
CCAR1111,A,2025-02-10 00:42,21
BCAR4321,D,2027-08-07 23:02,26
ACAR1234,A,2026-01-28 11:05,19
BCAR4321,A,2027-04-24 00:06,29
CCAR1111,A,2025-06-12 01:08,9
CCAR1111,D,2026-05-13 09:42,12
CCAR1111,D,2025-07-18 09:45,11
ACAR1234,A,2025-09-02 19:49,38
CCAR1111,D,2025-03-25 18:55,47
BCAR4321,D,2027-04-21 05:19,31
ACAR1234,D,2027-08-03 12:11,31
BCAR4321,A,2026-12-05 04:39,9
CCAR1111,D,2026-07-26 04:02,29
ACAR1234,D,2025-11-12 22:21,23
BCAR4321,A,2026-04-18 16:47,39
CCAR1111,A,2027-07-01 22:16,26
CCAR1111,A,2025-04-12 10:49,39
BCAR4321,D,2025-12-05 22:27,12
ACAR1234,W,2027-09-04 11:24,49
BCAR4321,D,2026-04-13 04:08,42
ACAR1234,W,2026-10-29 14:35,25
BCAR4321,D,2027-08-15 07:19,30
ACAR1234,A,2027-08-02 04:14,31
ACAR1234,D,2026-01-09 05:15,10
ACAR1234,D,2026-08-02 15:47,21
BCAR4321,A,2027-09-22 04:00,46
BCAR4321,D,2027-05-24 05:18,16
BCAR4321,D,2025-02-01 06:54,14
ACAR1234,D,2027-04-05 00:11,32
ACAR1234,D,2027-09-14 15:08,42
CCAR1111,D,2026-10-29 05:27,19
CCAR1111,D,2027-07-30 08:34,42
BCAR4321,A,2026-10-24 06:14,33
CCAR1111,D,2026-07-28 02:17,30
CCAR1111,A,2025-09-02 03:42,39
CCAR1111,D,2025-04-26 02:21,33
ACAR1234,Z,2027-03-27 04:53,38
BCAR4321,W,2027-03-13 13:49,49
BCAR4321,D,2026-03-15 09:30,43
ACAR1234,D,2027-02-19 21:24,41
BCAR4321,A,2027-02-02 04:48,26
BCAR4321,D,2025-11-24 13:53,19
CCAR1111,A,2026-01-25 04:35,27
CCAR1111,A,2027-05-10 12:06,6
BCAR4321,D,2025-02-26 09:02,29
CCAR1111,A,2025-11-11 11:34,18
BCAR4321,A,2025-01-23 15:34,8
BCAR4321,D,2027-08-09 21:51,27
BCAR4321,A,2026-02-12 06:09,28
BCAR4321,D,2027-04-17 12:48,33
CCAR1111,A,2025-09-03 16:32,40
CCAR1111,A,2026-04-29 17:35,20
CCAR1111,A,2026-08-08 11:40,35
ACAR1234,D,2025-05-13 12:10,29
CCAR1111,A,2025-03-30 01:03,47
CCAR1111,D,2025-05-09 17:11,24
ACAR1234,A,2027-06-14 14:04,5
CCAR1111,D,2026-03-19 04:49,41
BCAR4321,A,2025-12-22 14:07,4
BCAR4321,A,2025-01-15 23:22,5
ACAR1234,A,2025-12-22 14:04,3
BCAR4321,A,2025-01-11 08:04,3
BCAR4321,Z,2026-05-15 06:24,26
ACAR1234,W,2026-11-20 13:41,13
ACAR1234,A,2027-04-09 04:37,30
CCAR1111,D,2027-04-18 18:06,18
CCAR1111,D,2025-07-28 13:24,16
CCAR1111,A,2026-11-14 16:25,8
ACAR1234,D,2027-09-15 22:32,41
BCAR4321,A,2025-09-07 16:56,32
CCAR1111,A,2026-07-02 11:59,15
BCAR4321,A,2026-10-19 02:41,36
ACAR1234,D,2025-05-27 18:40,21
ACAR1234,A,2025-08-06 20:19,23
CCAR1111,A,2026-03-27 21:31,35
ACAR1234,D,2025-12-30 00:09,6
CCAR1111,D,2026-10-22 20:32,23
ACAR1234,A,2025-12-11 18:46,5
CCAR1111,D,2025-03-02 11:49,32
ACAR1234,W,2025-01-28 07:24,13
ACAR1234,A,2026-12-16 17:37,5
CCAR1111,A,2027-07-25 18:10,39
ACAR1234,D,2025-01-16 01:08,6
CCAR1111,D,2026-02-10 09:42,35
BCAR4321,D,2027-04-29 04:57,27
ACAR1234,A,2027-03-05 23:25,48
CCAR1111,A,2027-01-28 09:47,34
ACAR1234,D,2025-04-07 02:36,46
ACAR1234,A,2025-05-15 21:32,27
BCAR4321,D,2027-07-12 22:19,11
CCAR1111,A,2026-02-03 22:21,32
BCAR4321,D,2027-08-12 07:43,29
CCAR1111,A,2026-10-26 06:01,20
BCAR4321,A,2027-06-04 11:50,9
BCAR4321,D,2026-11-05 13:57,27
ACAR1234,D,2026-06-13 01:00,8
BCAR4321,Z,2027-05-28 06:45,14
BCAR4321,A,2025-10-18 18:51,42
ACAR1234,D,2027-08-17 17:43,39
BCAR4321,D,2025-05-12 16:15,32
ACAR1234,A,2026-03-07 16:00,38
ACAR1234,D,2027-07-21 02:38,23
CCAR1111,D,2026-12-22 22:20,14
ACAR1234,A,2026-05-06 22:02,29
CCAR1111,A,2025-02-06 22:17,20
CCAR1111,A,2025-06-29 15:29,2
BCAR4321,D,2026-12-06 20:06,8
CCAR1111,D,2025-08-06 14:36,20
BCAR4321,A,2026-04-30 23:35,32
BCAR4321,D,2025-08-06 12:39,15
BCAR4321,A,2026-11-14 08:41,20
CCAR1111,D,2027-02-08 01:26,39
BCAR4321,D,2027-09-18 01:54,48
ACAR1234,D,2027-04-02 06:05,34
BCAR4321,A,2027-10-15 10:32,33
CCAR1111,D,2027-05-08 22:26,8
BCAR4321,D,2025-09-22 16:29,40
CCAR1111,D,2027-05-11 22:24,6
CCAR1111,A,2026-10-08 02:30,31
BCAR4321,D,2025-02-20 23:26,26
BCAR4321,D,2027-06-27 02:45,5
ACAR1234,Z,2026-09-17 16:36,48
BCAR4321,D,2025-11-22 02:14,20
CCAR1111,D,2027-05-22 06:19,3
CCAR1111,D,2026-03-24 08:20,39
BCAR4321,D,2027-02-23 05:18,38
CCAR1111,A,2027-07-27 12:13,40
ACAR1234,Z,2025-05-17 15:43,26
ACAR1234,A,2025-03-19 16:50,43
CCAR1111,D,2025-02-25 03:47,29
ACAR1234,D,2026-12-29 03:24,11
BCAR4321,D,2025-11-18 12:46,22
BCAR4321,A,2027-05-20 05:06,17
CCAR1111,D,2025-10-22 14:34,32
CCAR1111,D,2026-04-20 22:36,24
BCAR4321,D,2026-01-17 20:31,11
BCAR4321,A,2027-05-26 03:08,15
BCAR4321,A,2025-11-24 00:38,19
CCAR1111,D,2027-05-12 23:44,5
CCAR1111,A,2025-06-25 07:39,4
ACAR1234,A,2026-01-15 15:32,14
BCAR4321,D,2027-07-18 19:46,16
ACAR1234,A,2025-11-28 21:06,11
CCAR1111,A,2025-09-07 15:38,42
CCAR1111,D,2026-12-30 02:31,18
BCAR4321,D,2026-09-16 02:16,42
BCAR4321,D,2025-05-10 02:45,33
CCAR1111,D,2027-03-27 18:31,30
BCAR4321,A,2027-08-24 00:41,35
CCAR1111,A,2025-09-21 10:39,47
CCAR1111,Z,2026-06-28 09:45,12
BCAR4321,D,2025-12-16 14:22,7
ACAR1234,D,2025-11-17 23:15,19
BCAR4321,A,2026-10-01 22:43,47
CCAR1111,A,2026-03-12 05:36,45
CCAR1111,D,2025-03-04 03:42,33
BCAR4321,A,2026-11-18 03:37,18
BCAR4321,D,2027-08-22 01:37,34
ACAR1234,D,2025-09-19 13:39,46
CCAR1111,D,2025-12-15 15:16,2
CCAR1111,A,2025-02-11 09:41,22
ACAR1234,A,2026-11-25 02:30,9
ACAR1234,Z,2027-07-01 10:53,12
CCAR1111,D,2025-01-29 05:55,15
ACAR1234,D,2025-05-24 07:49,22
BCAR4321,A,2027-07-30 10:47,21
BCAR4321,D,2027-04-22 22:09,30
BCAR4321,A,2026-08-15 07:13,26
ACAR1234,A,2025-11-17 23:01,19
ACAR1234,A,2026-10-23 00:07,29
CCAR1111,A,2025-05-15 07:37,22
CCAR1111,D,2025-11-12 18:43,18
ACAR1234,D,2026-07-25 08:37,17
ACAR1234,D,2025-04-29 06:33,36
ACAR1234,A,2026-06-26 17:25,3
ACAR1234,D,2025-08-14 20:35,27
ACAR1234,A,2026-12-27 09:40,11
CCAR1111,D,2026-02-25 03:09,42
CCAR1111,D,2026-07-18 03:23,23
BCAR4321,A,2026-03-17 22:49,45
CCAR1111,Z,2025-11-18 20:29,14
BCAR4321,D,2026-04-16 16:48,40
CCAR1111,A,2026-11-24 04:19,3
ACAR1234,D,2027-05-04 18:28,20
ACAR1234,A,2025-07-17 14:55,10
BCAR4321,D,2026-04-25 19:21,36
ACAR1234,W,2027-08-12 19:51,37
CCAR1111,Z,2025-01-25 11:19,12
BCAR4321,A,2026-10-11 12:11,42
ACAR1234,A,2025-05-04 22:01,33
ACAR1234,A,2026-10-18 07:52,33
BCAR4321,D,2027-06-08 03:52,7
ACAR1234,A,2025-01-09 06:05,3
ACAR1234,D,2025-03-17 02:32,41
BCAR4321,A,2027-02-09 08:01,29
ACAR1234,A,2026-04-30 13:01,34
ACAR1234,A,2025-01-12 16:04,4
BCAR4321,D,2025-09-21 18:37,39
ACAR1234,A,2027-07-17 09:40,22
ACAR1234,D,2025-08-17 23:46,29
BCAR4321,A,2025-03-11 12:39,35
ACAR1234,W,2025-09-01 12:56,37
CCAR1111,A,2025-10-06 02:16,41
BCAR4321,D,2025-06-26 01:21,10
CCAR1111,A,2026-05-18 19:11,9
BCAR4321,D,2026-06-28 07:23,3
BCAR4321,A,2026-09-17 03:12,43
CCAR1111,D,2027-02-17 12:01,44
CCAR1111,D,2026-10-24 14:53,22
CCAR1111,A,2026-10-24 10:54,22
BCAR4321,Z,2027-10-07 13:44,38
CCAR1111,A,2026-08-27 18:20,45
BCAR4321,A,2027-09-25 13:50,45
BCAR4321,A,2027-02-14 07:24,32
BCAR4321,A,2025-11-09 22:46,27
BCAR4321,A,2026-07-12 19:50,8
ACAR1234,D,2026-09-25 15:55,46
CCAR1111,A,2025-11-04 05:34,22
BCAR4321,A,2026-05-26 13:39,20
ACAR1234,W,2025-04-26 16:41,37
CCAR1111,A,2026-04-22 14:45,23
BCAR4321,A,2025-07-04 15:43,5
CCAR1111,Z,2026-03-24 21:47,38
ACAR1234,D,2025-08-21 01:56,31
ACAR1234,W,2025-03-10 00:39,37
CCAR1111,A,2026-11-30 09:41,3
CCAR1111,D,2025-03-13 00:11,40
CCAR1111,D,2025-07-13 15:02,9
ACAR1234,D,2026-07-01 17:44,5
ACAR1234,A,2025-05-13 06:03,29
CCAR1111,A,2025-05-08 18:38,24
BCAR4321,D,2025-09-28 09:43,43
CCAR1111,W,2026-04-20 00:58,25
BCAR4321,D,2027-09-26 03:51,45
CCAR1111,W,2026-03-25 07:53,37
CCAR1111,D,2026-04-23 06:45,23
CCAR1111,A,2025-03-16 01:14,42
ACAR1234,W,2026-05-13 23:20,25
BCAR4321,D,2026-11-01 01:55,29
CCAR1111,D,2026-11-01 15:45,17
CCAR1111,W,2026-06-28 13:31,13
CCAR1111,A,2026-01-31 04:49,30
BCAR4321,D,2027-02-24 21:31,39
ACAR1234,D,2027-07-16 15:47,21
BCAR4321,D,2026-10-25 12:24,33
BCAR4321,D,2025-02-03 14:15,15
BCAR4321,D,2025-02-07 11:11,17
ACAR1234,D,2027-06-06 08:10,2
BCAR4321,A,2025-12-09 14:54,10
CCAR1111,D,2025-08-15 07:48,26
ACAR1234,D,2025-12-31 18:41,7
CCAR1111,A,2025-05-02 09:18,29
ACAR1234,A,2025-02-01 08:29,16
ACAR1234,A,2026-05-04 04:01,31
ACAR1234,A,2026-06-21 19:48,3
ACAR1234,Z,2026-12-30 07:55,12
ACAR1234,A,2025-02-27 18:43,31
ACAR1234,W,2026-10-11 04:42,37
ACAR1234,D,2025-11-05 02:10,29
CCAR1111,D,2026-08-26 16:16,44
BCAR4321,D,2025-10-17 20:41,43
CCAR1111,A,2026-09-21 15:08,39
ACAR1234,D,2026-09-27 21:16,45
CCAR1111,A,2025-02-27 04:04,31
BCAR4321,D,2025-10-20 20:14,41
BCAR4321,A,2025-02-22 20:28,28
ACAR1234,D,2025-12-02 03:53,10
ACAR1234,A,2025-02-21 19:32,27
ACAR1234,D,2025-04-22 03:02,40
BCAR4321,A,2025-03-31 05:19,44
BCAR4321,D,2025-06-08 17:07,19
CCAR1111,W,2026-03-06 17:56,49
BCAR4321,W,2027-05-03 03:26,25
BCAR4321,A,2027-02-06 08:33,28
BCAR4321,A,2025-04-22 01:52,42
BCAR4321,W,2027-09-17 00:32,49
ACAR1234,A,2026-06-19 14:44,4
BCAR4321,D,2026-03-12 16:35,42
CCAR1111,A,2026-08-24 22:21,44
ACAR1234,A,2026-09-04 17:22,42
BCAR4321,A,2026-05-22 09:15,22
CCAR1111,Z,2025-12-12 10:33,2
ACAR1234,D,2025-03-04 14:22,33
CCAR1111,A,2027-01-11 13:42,26
ACAR1234,A,2026-11-07 01:13,19
ACAR1234,D,2025-04-04 16:09,47
ACAR1234,D,2026-11-03 16:39,22
BCAR4321,A,2027-06-26 16:49,5
ACAR1234,D,2025-10-09 14:58,41
BCAR4321,A,2027-01-01 20:54,9
ACAR1234,A,2025-12-26 06:12,5
ACAR1234,A,2027-06-28 19:51,11
BCAR4321,A,2027-08-15 10:42,31
BCAR4321,D,2027-10-13 04:12,35
CCAR1111,D,2025-11-03 20:56,23
ACAR1234,D,2027-02-01 12:19,31
CCAR1111,D,2025-06-07 18:56,11
CCAR1111,D,2026-09-08 02:33,46
ACAR1234,D,2025-02-16 03:03,23
CCAR1111,A,2025-06-27 08:19,3
ACAR1234,D,2025-07-25 13:11,16
BCAR4321,A,2026-05-04 05:22,31
CCAR1111,D,2025-04-05 22:46,43
ACAR1234,D,2025-03-10 06:44,38
BCAR4321,A,2027-06-13 07:50,4
CCAR1111,A,2026-01-06 02:15,16
CCAR1111,A,2025-08-19 17:32,31
ACAR1234,A,2025-05-23 21:02,22
ACAR1234,D,2027-03-09 11:13,47
CCAR1111,D,2025-07-04 04:31,3
CCAR1111,D,2025-05-05 17:04,28
ACAR1234,D,2027-01-30 15:02,30
ACAR1234,A,2026-07-06 16:40,8
BCAR4321,A,2025-01-29 04:47,11
CCAR1111,D,2025-10-15 07:57,36
ACAR1234,A,2025-06-22 01:59,7
ACAR1234,D,2025-09-08 12:56,40
BCAR4321,A,2025-12-05 03:38,12
CCAR1111,A,2025-01-21 09:12,10
ACAR1234,D,2026-04-04 10:32,46
BCAR4321,D,2026-01-02 13:01,4
CCAR1111,A,2025-05-22 20:24,18
BCAR4321,Z,2025-12-02 17:37,14
CCAR1111,D,2027-06-15 20:20,17
CCAR1111,D,2025-05-28 08:09,16
ACAR1234,D,2026-03-24 08:43,45
CCAR1111,D,2025-04-29 02:51,31
ACAR1234,A,2026-08-13 23:51,28
CCAR1111,D,2027-08-27 13:45,41
CCAR1111,A,2027-01-02 17:16,21
BCAR4321,D,2027-05-15 22:27,19
ACAR1234,D,2027-02-03 09:06,32
ACAR1234,D,2026-02-02 01:07,20
ACAR1234,A,2025-08-23 03:53,33
CCAR1111,A,2026-08-22 13:32,43
BCAR4321,D,2027-10-03 23:51,41
ACAR1234,A,2025-09-28 20:52,47
ACAR1234,W,2027-02-13 06:16,37
CCAR1111,A,2025-06-17 02:40,7
ACAR1234,A,2026-03-26 11:16,47
ACAR1234,A,2026-11-10 10:33,18
ACAR1234,A,2025-09-08 21:05,41
CCAR1111,A,2025-07-26 00:41,15
BCAR4321,D,2026-08-15 15:29,26
CCAR1111,D,2025-05-18 19:00,20
CCAR1111,A,2025-03-19 19:27,45
CCAR1111,A,2026-09-04 20:53,48
CCAR1111,A,2027-06-08 19:34,14
CCAR1111,A,2027-01-01 16:46,20
ACAR1234,D,2026-04-05 16:00,45
BCAR4321,A,2026-04-29 06:08,33
ACAR1234,D,2026-12-21 22:30,7
CCAR1111,D,2026-01-24 01:04,26
CCAR1111,D,2026-09-02 01:51,47
CCAR1111,D,2025-02-21 12:28,27
BCAR4321,Z,2027-07-13 04:59,12
BCAR4321,D,2025-07-03 00:25,6
ACAR1234,D,2025-03-25 09:11,45
CCAR1111,D,2026-02-19 02:38,40
BCAR4321,D,2026-04-20 15:19,39
BCAR4321,A,2027-07-04 11:27,8
BCAR4321,D,2026-11-13 09:49,21
CCAR1111,W,2025-01-05 08:00,1
ACAR1234,A,2026-05-05 21:06,30
ACAR1234,A,2026-06-14 12:37,7
ACAR1234,D,2026-02-20 14:40,29
ACAR1234,D,2026-01-27 09:21,18
CCAR1111,A,2027-08-25 20:45,42
CCAR1111,D,2025-05-31 06:23,15
BCAR4321,A,2026-10-16 18:59,40
CCAR1111,A,2027-04-27 02:45,12
ACAR1234,D,2026-11-23 07:53,10
BCAR4321,D,2025-09-15 13:15,35
ACAR1234,D,2025-03-07 03:36,34
ACAR1234,D,2027-05-11 01:56,17
CCAR1111,A,2027-01-13 01:19,27
CCAR1111,D,2026-04-12 03:49,30
BCAR4321,D,2025-10-05 05:58,47
ACAR1234,A,2025-08-14 07:02,27
CCAR1111,A,2025-07-14 04:49,10
ACAR1234,Z,2026-01-13 10:27,12
BCAR4321,D,2027-04-19 18:11,32
CCAR1111,D,2026-06-14 01:48,5
CCAR1111,A,2027-05-09 04:43,7
CCAR1111,A,2026-08-13 17:28,39
CCAR1111,D,2026-11-06 22:54,12
ACAR1234,A,2025-01-15 15:47,6
BCAR4321,D,2027-08-24 03:51,35
BCAR4321,D,2027-05-04 04:56,24
ACAR1234,D,2026-12-13 19:22,3
ACAR1234,A,2025-09-12 23:57,44
BCAR4321,A,2026-09-30 14:52,48
ACAR1234,A,2026-02-02 05:19,21
BCAR4321,A,2026-08-22 16:24,30
ACAR1234,W,2027-07-22 01:55,25
CCAR1111,D,2025-02-08 10:36,20
CCAR1111,A,2026-01-30 02:15,29
BCAR4321,D,2025-08-29 23:57,27
BCAR4321,W,2027-08-27 06:58,37
ACAR1234,A,2027-01-10 08:59,20
ACAR1234,D,2025-02-14 16:09,22
ACAR1234,D,2027-05-27 00:37,8
ACAR1234,A,2026-07-05 17:03,7
CCAR1111,D,2026-05-15 15:49,11
BCAR4321,A,2026-01-16 12:58,11
BCAR4321,A,2025-06-10 10:32,18
BCAR4321,A,2025-02-08 10:10,18
ACAR1234,D,2026-01-11 12:11,11
ACAR1234,A,2026-11-03 18:54,21
ACAR1234,A,2025-12-24 11:27,4
ACAR1234,Z,2027-09-03 11:32,48
BCAR4321,A,2025-12-27 17:47,2
BCAR4321,A,2025-02-12 09:44,20
ACAR1234,D,2026-05-02 17:43,33
BCAR4321,W,2026-02-07 21:06,25
CCAR1111,D,2026-09-05 14:38,47
BCAR4321,Z,2026-07-19 06:17,12
BCAR4321,D,2025-09-29 02:59,44
CCAR1111,D,2025-04-02 02:55,46
BCAR4321,A,2026-07-26 22:20,16
CCAR1111,A,2026-08-06 20:35,34
BCAR4321,D,2025-09-24 06:25,41
BCAR4321,A,2026-12-14 02:28,4
BCAR4321,D,2025-09-26 20:52,42
CCAR1111,D,2027-02-11 18:20,42
ACAR1234,A,2025-03-20 20:50,44
BCAR4321,D,2025-07-07 22:10,4
ACAR1234,W,2027-03-27 21:46,37
BCAR4321,D,2027-05-21 22:54,17
CCAR1111,W,2025-08-14 01:52,25
CCAR1111,D,2026-09-12 08:19,43
CCAR1111,A,2025-04-11 02:49,40
ACAR1234,A,2025-05-19 09:26,24
BCAR4321,D,2025-06-05 00:35,21
ACAR1234,A,2027-07-30 20:26,30
ACAR1234,D,2027-07-25 18:36,27
ACAR1234,A,2027-04-04 10:18,32
BCAR4321,A,2026-06-30 22:36,3
BCAR4321,D,2025-08-18 08:35,21
ACAR1234,D,2026-06-04 17:14,15
CCAR1111,D,2027-08-06 21:22,46
CCAR1111,Z,2026-01-21 11:37,24
BCAR4321,D,2027-10-14 06:51,34
BCAR4321,D,2027-09-08 04:27,43
BCAR4321,D,2026-01-29 01:49,18
ACAR1234,D,2027-06-22 05:34,8
ACAR1234,D,2027-04-09 08:39,30
CCAR1111,D,2027-06-26 08:46,22
BCAR4321,A,2026-11-27 07:42,12
CCAR1111,D,2026-07-22 07:44,26
CCAR1111,A,2027-08-13 18:10,48
CCAR1111,D,2026-05-17 09:05,10
ACAR1234,D,2026-10-22 03:48,30
ACAR1234,D,2025-06-30 11:50,4
ACAR1234,D,2025-02-13 23:54,21
CCAR1111,D,2027-04-28 09:59,12
ACAR1234,A,2026-12-18 13:19,6
ACAR1234,D,2025-04-02 23:06,48
CCAR1111,D,2027-07-30 00:13,41
BCAR4321,A,2025-08-10 10:42,17
CCAR1111,A,2026-08-01 03:32,32
BCAR4321,A,2027-04-22 13:02,30
BCAR4321,A,2025-06-21 10:21,12
BCAR4321,D,2025-11-28 15:07,17
ACAR1234,D,2025-08-06 13:11,22
ACAR1234,D,2026-06-09 00:06,11
BCAR4321,D,2026-11-23 20:10,15
ACAR1234,A,2026-05-28 20:08,17
CCAR1111,D,2026-06-27 15:52,11
BCAR4321,D,2027-05-26 14:02,15
BCAR4321,D,2026-02-01 16:07,20
BCAR4321,A,2026-06-20 20:03,6
CCAR1111,D,2026-01-12 01:08,19
CCAR1111,A,2026-12-15 01:27,10
CCAR1111,D,2025-03-16 08:43,42
BCAR4321,D,2026-07-11 03:14,7
BCAR4321,A,2025-08-20 13:46,23
BCAR4321,D,2026-03-01 14:02,35
CCAR1111,A,2025-08-11 21:10,23
CCAR1111,A,2026-09-06 22:32,46
BCAR4321,D,2026-11-20 16:01,17
BCAR4321,Z,2025-07-31 19:06,12
BCAR4321,D,2026-07-14 00:16,8
ACAR1234,A,2027-08-21 19:56,41
ACAR1234,D,2027-01-21 20:36,26
ACAR1234,D,2025-08-22 14:16,32
ACAR1234,D,2027-01-04 09:52,16
CCAR1111,D,2027-09-06 07:05,36
BCAR4321,D,2025-06-22 23:18,12
CCAR1111,A,2026-07-20 08:45,26
CCAR1111,A,2026-03-10 07:11,46
BCAR4321,A,2025-08-12 23:30,19
BCAR4321,Z,2025-03-12 21:57,36
CCAR1111,D,2025-06-04 16:17,12
BCAR4321,D,2025-03-10 05:44,34
BCAR4321,A,2025-07-01 16:01,6
BCAR4321,D,2026-05-24 20:48,21
CCAR1111,D,2026-04-08 20:33,31
ACAR1234,D,2027-06-10 03:22,3
ACAR1234,A,2025-05-30 04:51,19
CCAR1111,D,2027-07-19 01:47,34
ACAR1234,D,2027-05-07 19:53,18
ACAR1234,A,2026-12-22 22:00,8
CCAR1111,D,2027-05-03 04:31,10
ACAR1234,W,2025-09-25 01:19,49
ACAR1234,A,2025-03-17 11:13,42
ACAR1234,Z,2026-02-09 03:39,24
CCAR1111,A,2026-06-23 03:39,10
CCAR1111,D,2025-08-16 20:39,27
CCAR1111,A,2027-02-27 23:55,45
ACAR1234,W,2026-02-10 13:03,25
BCAR4321,A,2026-01-08 07:26,8
CCAR1111,D,2026-05-04 09:31,17
BCAR4321,A,2027-07-14 15:20,14
ACAR1234,A,2026-08-28 16:10,38
CCAR1111,Z,2025-04-15 01:28,38
BCAR4321,D,2025-11-05 14:52,32
BCAR4321,A,2027-04-15 13:43,33
ACAR1234,D,2027-05-30 04:31,6
CCAR1111,A,2027-06-16 23:24,18
CCAR1111,D,2025-11-14 18:29,16
BCAR4321,D,2026-07-18 15:29,11
ACAR1234,D,2025-02-11 19:34,20
CCAR1111,D,2026-06-01 15:10,3
CCAR1111,A,2025-05-19 16:25,19
CCAR1111,D,2027-07-18 10:28,33
ACAR1234,A,2027-09-10 03:31,44
BCAR4321,Z,2026-08-13 10:08,24
BCAR4321,D,2025-05-15 14:39,31
CCAR1111,A,2025-08-25 19:38,35
BCAR4321,D,2027-07-02 15:29,7
ACAR1234,A,2026-11-12 20:49,17
ACAR1234,D,2027-01-01 12:34,14
ACAR1234,D,2026-03-02 09:51,33
BCAR4321,D,2026-06-18 11:38,8
BCAR4321,A,2026-10-28 00:19,31
ACAR1234,A,2027-04-05 20:54,31
ACAR1234,W,2026-09-19 12:18,49
ACAR1234,D,2025-05-01 02:11,35
ACAR1234,Z,2026-03-06 11:47,36
BCAR4321,A,2026-10-09 02:23,44
CCAR1111,A,2027-07-17 09:43,33
ACAR1234,A,2025-04-01 03:12,48
CCAR1111,D,2025-03-21 14:01,45
ACAR1234,A,2027-01-24 19:36,28
BCAR4321,D,2026-10-13 08:28,42
ACAR1234,A,2025-01-17 00:02,7
CCAR1111,D,2026-03-08 12:51,47
ACAR1234,D,2025-10-13 21:13,39
BCAR4321,W,2025-03-14 07:42,37
BCAR4321,A,2025-07-25 18:53,9
BCAR4321,W,2026-03-26 15:10,49
CCAR1111,A,2027-03-02 10:02,44
CCAR1111,D,2027-03-01 20:38,45
CCAR1111,D,2026-12-03 18:41,4
BCAR4321,D,2026-08-09 21:44,22
CCAR1111,A,2026-02-24 08:57,42
CCAR1111,A,2026-07-24 09:06,28
BCAR4321,A,2026-12-02 22:14,10
ACAR1234,A,2027-05-09 15:18,17
CCAR1111,A,2025-07-31 14:58,18
ACAR1234,A,2027-06-22 11:07,9
ACAR1234,D,2026-05-25 13:27,19
CCAR1111,A,2025-10-28 00:12,27
BCAR4321,D,2027-03-05 06:43,43
ACAR1234,A,2025-11-30 14:07,10
ACAR1234,A,2026-06-12 05:19,8
BCAR4321,D,2025-12-24 03:20,4
BCAR4321,A,2025-01-24 18:52,9
CCAR1111,D,2027-03-05 22:24,41
CCAR1111,A,2027-03-03 04:07,43
BCAR4321,A,2027-03-05 03:12,43
BCAR4321,A,2027-03-07 10:10,45
CCAR1111,D,2025-03-11 20:04,39
ACAR1234,D,2025-12-24 01:22,3
CCAR1111,D,2027-04-20 19:46,17
BCAR4321,D,2025-11-16 15:44,23
BCAR4321,A,2026-10-17 16:03,39
ACAR1234,W,2026-07-16 16:15,13
CCAR1111,D,2026-01-14 21:52,20
CCAR1111,A,2026-04-15 06:56,28
CCAR1111,A,2026-05-27 18:25,5
CCAR1111,A,2025-09-24 21:31,48
BCAR4321,A,2025-09-02 20:17,29
CCAR1111,D,2027-03-22 04:17,33
ACAR1234,A,2027-08-25 09:01,43
BCAR4321,A,2027-02-23 15:11,39
CCAR1111,A,2025-05-17 21:53,20
BCAR4321,D,2025-01-17 10:28,5
BCAR4321,D,2025-04-13 11:33,47
CCAR1111,D,2026-11-01 00:35,18
ACAR1234,D,2027-09-27 14:38,34
BCAR4321,A,2026-11-23 18:22,15
ACAR1234,Z,2025-06-09 13:24,14
CCAR1111,D,2027-02-14 09:56,43
ACAR1234,D,2026-08-15 17:43,29
BCAR4321,D,2026-04-29 19:49,33
ACAR1234,Z,2026-12-08 02:46,2
BCAR4321,D,2025-08-15 18:31,20
ACAR1234,D,2027-06-23 03:22,9
ACAR1234,A,2026-05-15 17:57,23
ACAR1234,A,2026-07-26 15:08,18
BCAR4321,A,2025-06-05 14:14,20
BCAR4321,A,2025-05-11 12:01,32
ACAR1234,D,2026-06-11 01:43,10
ACAR1234,A,2026-10-07 09:13,40
CCAR1111,D,2026-07-30 23:34,31
BCAR4321,D,2026-11-11 12:25,23
BCAR4321,D,2025-01-21 16:13,7
BCAR4321,A,2027-08-11 02:38,29
BCAR4321,D,2025-06-14 04:53,16
CCAR1111,A,2027-03-04 02:49,42
ACAR1234,D,2025-05-03 06:26,34
ACAR1234,D,2027-01-11 03:12,20
CCAR1111,A,2027-01-26 01:14,33
BCAR4321,D,2027-09-23 17:31,46
BCAR4321,A,2025-04-01 05:24,45
BCAR4321,D,2027-04-01 09:41,40
ACAR1234,D,2027-04-12 15:40,29
ACAR1234,A,2025-05-07 22:20,32
ACAR1234,D,2026-10-26 23:11,28
CCAR1111,D,2026-12-27 11:03,16
CCAR1111,D,2026-11-16 14:58,8
CCAR1111,D,2027-07-10 22:56,29
ACAR1234,A,2026-10-08 18:49,39
ACAR1234,A,2026-01-07 19:37,10
ACAR1234,D,2025-09-29 21:14,47
ACAR1234,D,2025-02-20 05:06,26
ACAR1234,A,2027-09-23 15:33,36
ACAR1234,D,2027-06-01 06:24,4
ACAR1234,A,2027-02-15 23:02,39
BCAR4321,Z,2025-08-23 08:55,24
BCAR4321,D,2025-05-19 09:51,29
ACAR1234,D,2025-01-10 22:30,3
BCAR4321,A,2026-09-05 17:45,38
CCAR1111,A,2025-11-03 09:37,23
CCAR1111,A,2026-04-27 17:46,21
BCAR4321,A,2025-03-28 11:46,43
ACAR1234,A,2027-04-24 13:42,24
ACAR1234,Z,2026-11-20 07:54,14
BCAR4321,A,2026-12-29 23:29,7
CCAR1111,W,2025-12-13 02:28,1
CCAR1111,A,2025-12-23 14:45,6
CCAR1111,Z,2025-07-20 02:51,12
BCAR4321,D,2025-06-12 12:19,17
ACAR1234,D,2026-08-11 10:51,26
ACAR1234,D,2025-02-25 09:24,28
ACAR1234,A,2027-05-12 08:09,16
BCAR4321,D,2027-10-01 18:22,42
BCAR4321,A,2027-04-19 03:17,32
ACAR1234,A,2027-04-17 11:45,27
BCAR4321,A,2025-05-06 08:51,34
BCAR4321,D,2025-06-29 22:04,7
CCAR1111,D,2026-05-24 13:36,7
BCAR4321,D,2027-07-17 14:41,15
ACAR1234,A,2027-09-06 04:59,47
ACAR1234,A,2026-02-14 22:32,27
CCAR1111,A,2026-07-07 05:31,18
CCAR1111,D,2025-12-29 09:19,9
ACAR1234,A,2025-01-24 21:40,11
ACAR1234,D,2026-11-22 05:50,12
ACAR1234,A,2025-02-10 07:06,20
CCAR1111,A,2027-03-29 17:30,29
ACAR1234,D,2026-06-21 05:08,4
CCAR1111,A,2026-03-18 16:44,41
ACAR1234,D,2027-07-19 09:15,22
BCAR4321,A,2027-05-06 19:39,22
BCAR4321,D,2027-06-29 04:41,6
ACAR1234,A,2026-07-03 13:58,6
BCAR4321,A,2026-12-21 23:17,2
CCAR1111,A,2027-07-09 22:48,29
ACAR1234,A,2025-09-06 09:02,39
ACAR1234,D,2027-02-26 17:44,44
BCAR4321,A,2026-02-22 05:16,32
CCAR1111,A,2026-06-14 06:59,6
ACAR1234,W,2025-06-11 07:02,13
BCAR4321,D,2026-12-02 10:50,11
ACAR1234,A,2026-09-29 18:21,44
CCAR1111,D,2027-05-13 13:08,4
BCAR4321,D,2025-12-22 04:33,5
ACAR1234,A,2026-08-05 10:07,23
CCAR1111,A,2027-07-12 00:55,30
BCAR4321,D,2027-02-11 13:57,30
BCAR4321,D,2027-04-08 22:15,36
CCAR1111,Z,2025-03-06 16:58,36
ACAR1234,A,2025-05-14 18:07,28
CCAR1111,A,2027-08-21 04:03,44
CCAR1111,D,2025-01-12 15:40,4
ACAR1234,D,2027-09-12 13:34,43
CCAR1111,D,2027-08-18 18:33,46
ACAR1234,D,2025-07-15 02:42,8
BCAR4321,A,2025-06-03 03:19,21
ACAR1234,D,2027-09-24 05:55,36
ACAR1234,A,2026-12-04 15:45,4
ACAR1234,D,2026-09-08 06:28,43
ACAR1234,D,2025-07-07 10:20,3
ACAR1234,A,2025-11-04 16:49,29
CCAR1111,D,2026-06-22 10:23,9
CCAR1111,A,2027-02-08 02:45,40
BCAR4321,D,2025-03-08 00:33,33
CCAR1111,A,2027-03-18 10:28,34
CCAR1111,D,2027-05-14 16:00,3
CCAR1111,A,2026-07-12 07:50,21
BCAR4321,A,2025-03-19 13:07,39
CCAR1111,D,2026-05-29 10:33,4
CCAR1111,A,2025-07-29 19:27,17
BCAR4321,A,2025-09-17 05:11,38
ACAR1234,D,2025-01-22 03:51,9
CCAR1111,D,2027-08-23 23:16,43
ACAR1234,D,2026-07-12 18:59,10
ACAR1234,D,2026-10-28 12:49,27
CCAR1111,W,2026-11-26 06:12,1
CCAR1111,A,2026-12-29 18:46,18
BCAR4321,D,2026-06-03 22:36,15
ACAR1234,A,2027-08-26 19:46,44
CCAR1111,A,2025-11-21 13:02,12
ACAR1234,A,2027-03-10 12:08,46
ACAR1234,A,2025-08-15 02:47,28
CCAR1111,D,2025-03-15 16:45,41
BCAR4321,A,2027-03-22 11:59,45
CCAR1111,A,2026-04-20 11:43,24
CCAR1111,D,2027-08-05 04:23,45
CCAR1111,A,2025-10-05 11:41,42
CCAR1111,A,2025-03-24 05:22,47
BCAR4321,A,2026-12-07 12:49,7
BCAR4321,A,2025-02-20 06:04,26
ACAR1234,A,2026-05-01 18:01,33
ACAR1234,D,2027-08-22 13:00,41
CCAR1111,D,2027-08-20 05:03,45
ACAR1234,A,2026-10-11 12:17,36
CCAR1111,D,2027-02-10 20:19,41
BCAR4321,D,2025-08-21 13:52,23
BCAR4321,D,2025-06-25 05:09,11
BCAR4321,A,2026-02-28 14:09,35
CCAR1111,A,2026-12-07 06:20,6
BCAR4321,Z,2026-06-29 18:22,2
CCAR1111,A,2027-06-28 05:29,23
BCAR4321,D,2025-11-07 14:57,30
CCAR1111,D,2027-05-05 12:58,9
BCAR4321,A,2026-09-14 10:01,42
ACAR1234,D,2025-06-18 04:26,10
BCAR4321,W,2026-12-20 09:22,1
ACAR1234,D,2027-08-24 10:23,42
CCAR1111,A,2027-06-21 20:18,20
ACAR1234,A,2027-06-02 15:20,3
BCAR4321,A,2027-07-31 20:29,22
BCAR4321,D,2027-06-22 18:47,3
CCAR1111,D,2025-07-24 13:41,14
ACAR1234,D,2025-04-11 20:12,44
CCAR1111,A,2027-03-25 22:30,30
CCAR1111,A,2026-07-06 16:46,17
ACAR1234,A,2025-09-12 13:24,43
ACAR1234,A,2025-04-18 21:19,41
BCAR4321,A,2026-04-01 10:37,46
BCAR4321,A,2026-03-31 01:31,47
BCAR4321,D,2026-10-27 05:45,32
ACAR1234,D,2026-08-20 21:34,32
ACAR1234,A,2026-10-01 11:54,43
BCAR4321,D,2026-12-10 06:34,6
CCAR1111,A,2025-04-07 07:25,42
CCAR1111,A,2025-07-22 14:59,14
ACAR1234,A,2026-02-18 22:55,29
BCAR4321,W,2025-06-20 12:04,13
CCAR1111,A,2025-09-11 15:00,44
BCAR4321,W,2026-11-25 12:07,13
CCAR1111,D,2025-02-28 12:01,31
CCAR1111,D,2027-04-12 04:06,21
ACAR1234,D,2026-04-10 08:41,43
CCAR1111,A,2025-10-25 08:54,29
BCAR4321,A,2025-12-01 11:27,15
CCAR1111,A,2025-02-23 05:59,28
ACAR1234,W,2027-06-05 06:12,1
CCAR1111,D,2027-06-23 10:42,21
ACAR1234,A,2026-09-26 21:46,45
CCAR1111,A,2026-01-19 16:33,23
CCAR1111,D,2027-02-04 18:15,38
BCAR4321,A,2027-03-08 18:00,46
ACAR1234,D,2025-09-23 01:44,47
BCAR4321,D,2026-10-17 05:53,40
BCAR4321,D,2026-03-23 10:49,47
CCAR1111,W,2025-07-21 01:18,13
BCAR4321,A,2027-09-17 17:36,48
CCAR1111,D,2026-05-26 23:54,6
BCAR4321,D,2027-03-26 15:25,44
ACAR1234,D,2026-10-13 05:45,36
CCAR1111,A,2026-01-11 22:32,19
CCAR1111,D,2026-08-14 23:09,39
CCAR1111,D,2027-03-31 12:46,29
BCAR4321,A,2027-09-09 23:12,44
ACAR1234,D,2026-05-16 21:53,23
BCAR4321,A,2027-05-09 14:34,21
BCAR4321,D,2027-01-20 12:13,17
ACAR1234,D,2025-05-31 17:24,18
BCAR4321,D,2026-07-03 15:41,4
BCAR4321,D,2027-10-06 10:22,40
BCAR4321,A,2026-01-13 15:12,10
CCAR1111,D,2026-03-14 07:03,44
CCAR1111,D,2027-07-14 04:11,31
ACAR1234,Z,2026-10-29 11:23,26
BCAR4321,D,2027-03-15 14:09,48
CCAR1111,A,2026-05-15 18:04,10
ACAR1234,D,2025-07-11 19:25,6
BCAR4321,A,2025-06-11 08:32,17
ACAR1234,D,2026-09-10 12:08,44
CCAR1111,A,2025-07-12 12:14,9
BCAR4321,D,2027-08-10 09:35,28
ACAR1234,Z,2025-07-21 12:31,12
CCAR1111,A,2025-11-15 07:45,15
ACAR1234,A,2025-10-24 14:59,33
ACAR1234,D,2027-02-07 10:38,34
ACAR1234,D,2026-02-15 07:02,27
ACAR1234,D,2025-05-10 19:26,31
ACAR1234,D,2025-07-23 02:30,15
ACAR1234,Z,2027-04-20 21:23,26
CCAR1111,D,2025-10-19 07:03,33
BCAR4321,Z,2026-03-25 10:31,48
BCAR4321,A,2027-01-19 19:25,17
BCAR4321,A,2026-12-10 02:07,6
CCAR1111,D,2027-07-05 19:17,27
BCAR4321,A,2026-12-22 22:59,3
CCAR1111,A,2027-06-18 18:40,19
BCAR4321,Z,2025-06-18 16:46,14
BCAR4321,A,2026-11-09 09:44,24
CCAR1111,D,2026-02-27 14:29,44
BCAR4321,A,2027-02-12 15:30,31
ACAR1234,D,2027-05-13 23:04,16
BCAR4321,A,2026-08-31 15:32,34
CCAR1111,A,2025-09-27 19:48,47
ACAR1234,A,2026-10-14 11:53,35
ACAR1234,A,2025-01-06 14:58,2
CCAR1111,D,2025-06-10 01:48,10
ACAR1234,D,2026-12-03 14:47,5
BCAR4321,D,2026-10-17 23:40,39
BCAR4321,A,2025-10-30 23:48,34
CCAR1111,D,2027-04-23 20:54,15
CCAR1111,A,2026-04-24 14:39,22
BCAR4321,D,2026-06-22 09:35,6
BCAR4321,A,2027-05-22 12:31,16
BCAR4321,D,2025-06-01 20:08,23
CCAR1111,D,2027-06-05 03:56,10
BCAR4321,A,2026-10-14 16:54,41
BCAR4321,D,2027-10-16 13:14,33
ACAR1234,A,2026-11-01 21:49,23
ACAR1234,A,2026-11-20 14:26,12
BCAR4321,A,2025-09-30 14:36,45
ACAR1234,A,2025-11-16 08:09,20
ACAR1234,D,2026-10-19 20:32,32
BCAR4321,D,2026-03-18 19:39,45
BCAR4321,A,2026-05-11 19:50,28
ACAR1234,A,2026-12-15 15:50,4
BCAR4321,D,2025-10-21 14:54,40
BCAR4321,D,2027-02-20 01:58,35
ACAR1234,D,2027-09-06 10:44,47
CCAR1111,A,2026-11-01 15:28,17
CCAR1111,D,2026-11-03 21:34,15
BCAR4321,D,2025-11-10 04:39,27
BCAR4321,D,2026-02-11 23:41,27
BCAR4321,D,2026-02-21 06:01,31
CCAR1111,A,2025-08-23 14:30,34
BCAR4321,D,2026-05-29 07:29,19
CCAR1111,D,2025-02-11 00:24,21
BCAR4321,A,2026-06-30 04:48,2
BCAR4321,A,2026-11-10 22:37,23
BCAR4321,D,2025-12-28 21:22,2
CCAR1111,W,2027-06-30 19:56,25
CCAR1111,D,2027-07-21 13:08,35
BCAR4321,A,2026-10-23 02:42,34
BCAR4321,A,2025-02-25 01:39,29
ACAR1234,A,2027-03-08 22:21,47
CCAR1111,A,2026-11-17 21:34,7
BCAR4321,A,2026-09-08 01:05,39
CCAR1111,D,2026-08-21 09:54,42
CCAR1111,A,2026-12-24 12:33,15
CCAR1111,A,2026-09-09 22:28,44
BCAR4321,A,2027-04-13 00:44,34
BCAR4321,D,2027-01-04 08:53,10
BCAR4321,A,2025-07-18 11:03,5
CCAR1111,W,2026-07-19 20:03,25
BCAR4321,A,2025-03-07 20:25,33
ACAR1234,D,2026-07-06 07:00,7
BCAR4321,D,2026-11-22 13:39,16
CCAR1111,D,2027-02-25 22:04,47
CCAR1111,A,2027-07-30 04:38,42
CCAR1111,D,2026-06-09 01:43,3
BCAR4321,A,2027-02-10 16:33,30
BCAR4321,Z,2027-08-06 00:34,24
ACAR1234,A,2025-04-08 06:30,45
BCAR4321,D,2025-01-30 03:48,11
ACAR1234,A,2026-07-30 21:54,20
CCAR1111,D,2027-02-21 21:43,47
ACAR1234,A,2027-05-23 12:25,10
BCAR4321,W,2026-05-16 16:45,25
BCAR4321,A,2027-06-18 16:55,2
BCAR4321,D,2025-02-15 09:22,21
ACAR1234,D,2025-07-26 02:28,17
ACAR1234,D,2026-02-06 01:07,22
CCAR1111,D,2027-04-11 03:34,22
ACAR1234,D,2027-05-29 06:26,7
ACAR1234,A,2026-02-12 03:40,26
CCAR1111,W,2027-03-13 21:48,37
CCAR1111,D,2027-05-19 18:12,2
BCAR4321,D,2025-02-05 22:46,16
CCAR1111,D,2026-11-13 20:58,9
BCAR4321,A,2026-05-17 19:52,24
CCAR1111,W,2026-10-18 23:38,25
ACAR1234,D,2027-08-27 06:38,44
BCAR4321,D,2026-08-11 23:40,23
CCAR1111,A,2027-02-06 11:14,39
BCAR4321,A,2027-07-06 20:51,9
CCAR1111,A,2026-12-27 00:33,16
CCAR1111,D,2025-05-22 22:25,18
ACAR1234,D,2027-03-19 21:35,43
BCAR4321,A,2027-02-04 09:55,27
CCAR1111,D,2026-03-17 09:48,42
ACAR1234,D,2026-06-02 07:35,16
ACAR1234,A,2027-02-21 14:41,42
BCAR4321,A,2027-06-03 00:41,10
ACAR1234,D,2025-07-22 17:49,14
CCAR1111,D,2025-07-04 18:04,4
CCAR1111,W,2025-03-26 11:37,49
CCAR1111,D,2025-10-05 19:21,42
BCAR4321,D,2027-03-17 22:48,47
ACAR1234,D,2026-01-18 10:19,15
CCAR1111,D,2025-11-28 21:38,10
ACAR1234,W,2026-03-07 04:21,37
BCAR4321,D,2026-12-12 14:25,5
ACAR1234,A,2026-02-04 06:44,22
CCAR1111,D,2026-09-26 05:48,36
BCAR4321,D,2026-06-23 11:06,5
BCAR4321,D,2025-06-27 07:19,9
BCAR4321,A,2026-05-28 04:02,19
CCAR1111,A,2026-11-19 16:48,6
CCAR1111,A,2025-01-29 22:06,16
BCAR4321,D,2025-06-17 03:23,15
BCAR4321,A,2026-01-10 13:42,9
CCAR1111,D,2026-07-16 02:02,22
ACAR1234,D,2025-03-07 17:09,35
CCAR1111,D,2025-03-05 12:25,34
BCAR4321,D,2025-07-15 22:47,3
ACAR1234,D,2026-05-21 00:17,21
ACAR1234,A,2026-01-20 08:21,16
CCAR1111,A,2025-08-21 07:34,33
ACAR1234,A,2027-02-04 01:24,33
CCAR1111,W,2025-09-24 07:19,49
ACAR1234,Z,2027-03-04 22:40,48
BCAR4321,D,2025-03-26 19:21,42
ACAR1234,D,2027-06-03 08:39,3
ACAR1234,A,2025-12-03 00:04,9
CCAR1111,A,2027-01-31 02:52,35
CCAR1111,A,2025-12-05 22:50,6
BCAR4321,D,2025-01-25 10:28,9
BCAR4321,A,2025-10-16 18:49,43
ACAR1234,A,2026-04-14 01:24,41
ACAR1234,A,2027-03-28 04:31,36
CCAR1111,A,2025-11-08 15:57,20
ACAR1234,A,2027-09-26 15:15,34
BCAR4321,A,2027-09-30 02:39,42
ACAR1234,A,2025-07-22 18:51,15
ACAR1234,A,2025-06-18 20:30,9
BCAR4321,A,2026-08-22 10:13,29
CCAR1111,A,2027-02-09 17:40,41
CCAR1111,A,2026-03-14 03:37,44
ACAR1234,D,2026-12-07 18:49,3
BCAR4321,D,2026-05-30 19:23,17
BCAR4321,A,2025-05-22 16:24,27
CCAR1111,A,2026-09-01 04:33,47
BCAR4321,Z,2025-01-31 12:08,12
BCAR4321,A,2026-08-28 02:17,32
BCAR4321,A,2027-09-04 12:38,42
CCAR1111,A,2025-09-09 13:00,43
ACAR1234,D,2025-02-09 05:15,19
ACAR1234,A,2027-02-18 09:17,40
CCAR1111,D,2026-07-06 14:56,16
BCAR4321,D,2026-05-10 04:56,29
BCAR4321,D,2026-02-02 23:36,21
CCAR1111,A,2025-05-17 04:25,21
BCAR4321,A,2026-01-06 13:02,7
CCAR1111,D,2026-08-31 02:58,46
CCAR1111,D,2027-03-24 21:51,32
CCAR1111,A,2025-02-13 00:16,23
ACAR1234,Z,2025-08-31 17:28,36
CCAR1111,A,2025-03-04 05:51,34
CCAR1111,A,2025-12-25 17:36,7
ACAR1234,D,2026-09-02 05:14,40
CCAR1111,A,2026-03-01 22:47,46
BCAR4321,A,2025-11-06 08:09,31
CCAR1111,D,2025-08-10 12:32,21
CCAR1111,D,2027-05-25 13:27,5
CCAR1111,D,2025-03-08 03:35,38
ACAR1234,D,2026-10-18 23:30,33
BCAR4321,W,2026-06-29 18:33,1
CCAR1111,Z,2027-05-15 01:09,2
BCAR4321,A,2025-10-10 01:14,47
BCAR4321,A,2027-07-11 17:34,11
ACAR1234,D,2026-07-30 16:11,19
CCAR1111,D,2026-12-28 13:40,17
ACAR1234,A,2025-07-15 01:31,8
BCAR4321,D,2027-03-29 07:35,42
ACAR1234,A,2027-09-08 15:07,45
CCAR1111,Z,2027-01-09 17:28,24
CCAR1111,A,2025-02-21 01:37,27
CCAR1111,D,2026-07-06 23:29,17
BCAR4321,D,2025-04-02 00:55,45
ACAR1234,D,2026-05-05 08:08,31
CCAR1111,D,2027-06-10 04:09,14
ACAR1234,Z,2027-01-18 08:06,24
CCAR1111,D,2025-10-24 22:09,30
ACAR1234,Z,2025-01-26 14:17,12
ACAR1234,A,2026-04-19 04:04,39
BCAR4321,D,2025-07-18 22:24,5
CCAR1111,D,2025-11-13 03:24,17
ACAR1234,A,2027-08-22 20:43,42
BCAR4321,A,2025-08-18 11:47,22
CCAR1111,A,2026-02-28 03:41,45
CCAR1111,A,2027-04-21 05:52,16
BCAR4321,A,2026-06-16 21:25,8
CCAR1111,A,2026-01-18 03:07,22
ACAR1234,Z,2027-02-11 18:30,36
BCAR4321,A,2026-11-30 17:31,11
ACAR1234,D,2025-05-17 03:57,27
CCAR1111,A,2027-06-25 09:38,22
CCAR1111,A,2025-05-11 14:34,23
BCAR4321,D,2026-05-14 16:24,27
ACAR1234,W,2025-11-26 11:43,13
BCAR4321,D,2025-09-14 16:11,34
ACAR1234,D,2026-04-28 18:04,35
CCAR1111,A,2025-06-23 00:09,5
BCAR4321,W,2026-10-18 10:25,37
BCAR4321,A,2025-04-16 14:57,45
BCAR4321,D,2025-05-24 04:13,27
BCAR4321,D,2025-11-02 21:04,33
ACAR1234,D,2027-05-19 06:43,12
